ticker,entry_date,exit_date,entry_day,side,instrument,setup_type,direction,conviction,history_rate,history_avg_best_pct,capital_at_risk,pnl_pct,pnl_usd,exit_reason_proxy,source_exit_reason,max_favorable_pct,max_adverse_pct,capital_after_exit,week_key
MRNA,2024-05-20,2024-05-21,Monday,LONG,STOCK,MOMENTUM_CONTINUATION,UP,100,74.68,3.053,1000.0,2.595,25.95,HISTORY_TARGET,HISTORY_TARGET,8.189,0.0,5025.95,2024-21
SATS,2024-05-20,2024-05-21,Monday,LONG,STOCK,MOMENTUM_CONTINUATION,UP,100,74.68,3.053,1000.0,2.595,25.95,HISTORY_TARGET,HISTORY_TARGET,6.492,0.0,5051.9,2024-21
HOOD,2024-05-20,2024-05-21,Monday,LONG,STOCK,MOMENTUM_CONTINUATION,UP,100,74.68,3.053,1000.0,2.595,25.95,HISTORY_TARGET,HISTORY_TARGET,6.369,0.0,5077.85,2024-21
SMCI,2024-05-20,2024-05-21,Monday,LONG,STOCK,MOMENTUM_CONTINUATION,UP,100,74.68,3.053,1000.0,2.595,25.95,HISTORY_TARGET,HISTORY_TARGET,4.206,-2.686,5103.8,2024-21
FSLR,2024-05-21,2024-05-22,Tuesday,LONG,STOCK,MOMENTUM_CONTINUATION,UP,100,74.68,3.053,1020.76,2.595,26.49,HISTORY_TARGET,HISTORY_TARGET,28.466,0.0,5130.29,2024-21
MRNA,2024-05-21,2024-05-22,Tuesday,LONG,STOCK,MOMENTUM_CONTINUATION,UP,100,74.68,3.053,1020.76,2.595,26.49,HISTORY_TARGET,HISTORY_TARGET,18.219,0.0,5156.78,2024-21
TER,2024-05-21,2024-05-22,Tuesday,LONG,STOCK,MOMENTUM_CONTINUATION,UP,100,74.68,3.053,1020.76,2.595,26.49,HISTORY_TARGET,HISTORY_TARGET,3.819,0.0,5183.27,2024-21
DELL,2024-05-20,2024-05-23,Monday,LONG,STOCK,MOMENTUM_CONTINUATION,UP,100,74.68,3.053,1000.0,2.595,25.95,HISTORY_TARGET,HISTORY_TARGET,7.826,-4.573,5209.22,2024-21
HOOD,2024-05-21,2024-05-23,Tuesday,LONG,STOCK,MOMENTUM_CONTINUATION,UP,100,74.68,3.053,1020.76,-8.0,-81.66,STOP_LOSS,STOP_LOSS,0.0,-9.149,5127.56,2024-21
FSLR,2024-05-22,2024-05-23,Wednesday,LONG,STOCK,MOMENTUM_CONTINUATION,UP,100,74.68,3.053,1036.65,2.595,26.9,HISTORY_TARGET,HISTORY_TARGET,18.117,0.0,5154.46,2024-21
MRNA,2024-05-22,2024-05-23,Wednesday,LONG,STOCK,MOMENTUM_CONTINUATION,UP,100,74.68,3.053,1036.65,2.595,26.9,HISTORY_TARGET,HISTORY_TARGET,15.563,0.0,5181.36,2024-21
ADI,2024-05-22,2024-05-23,Wednesday,LONG,STOCK,MOMENTUM_CONTINUATION,UP,100,74.68,3.053,1036.65,2.595,26.9,HISTORY_TARGET,HISTORY_TARGET,6.186,0.0,5208.26,2024-21
DELL,2024-05-28,2024-05-29,Tuesday,LONG,STOCK,MOMENTUM_CONTINUATION,UP,100,74.68,3.053,1041.65,2.595,27.03,HISTORY_TARGET,HISTORY_TARGET,6.691,-2.452,5235.29,2024-22
NVDA,2024-05-28,2024-05-29,Tuesday,LONG,STOCK,MOMENTUM_CONTINUATION,UP,100,74.68,3.053,1041.65,2.595,27.03,HISTORY_TARGET,HISTORY_TARGET,4.76,0.0,5262.32,2024-22
DECK,2024-05-28,2024-05-29,Tuesday,LONG,STOCK,MOMENTUM_CONTINUATION,UP,100,74.68,3.053,1041.65,2.595,27.03,HISTORY_TARGET,HISTORY_TARGET,4.203,0.0,5289.35,2024-22
FSLR,2024-05-28,2024-05-29,Tuesday,LONG,STOCK,MOMENTUM_CONTINUATION,UP,100,74.68,3.053,1041.65,2.595,27.03,HISTORY_TARGET,HISTORY_TARGET,3.555,-1.673,5316.38,2024-22
DELL,2024-05-29,2024-05-30,Wednesday,LONG,STOCK,MOMENTUM_CONTINUATION,UP,100,74.68,3.053,1063.28,2.595,27.59,HISTORY_TARGET,HISTORY_TARGET,8.021,-0.272,5343.97,2024-22
VST,2024-05-28,2024-05-31,Tuesday,LONG,STOCK,MOMENTUM_CONTINUATION,UP,100,74.68,3.053,1041.65,-8.0,-83.33,STOP_LOSS,STOP_LOSS,1.358,-9.366,5260.64,2024-22
NVDA,2024-05-29,2024-05-31,Wednesday,LONG,STOCK,MOMENTUM_CONTINUATION,UP,100,74.68,3.053,1063.28,0.5,5.32,PROFIT_PROTECTION_PROXY,FRIDAY_EXIT,2.449,-5.405,5265.96,2024-22
FSLR,2024-05-29,2024-05-31,Wednesday,LONG,STOCK,MOMENTUM_CONTINUATION,UP,100,74.68,3.053,1063.28,0.5,5.32,PROFIT_PROTECTION_PROXY,FRIDAY_EXIT,2.413,-4.8,5271.27,2024-22
DECK,2024-05-29,2024-05-31,Wednesday,LONG,STOCK,MOMENTUM_CONTINUATION,UP,100,74.68,3.053,1063.28,1.571,16.7,FRIDAY_EXIT,FRIDAY_EXIT,1.716,-1.417,5287.98,2024-22
COHR,2024-06-03,2024-06-04,Monday,LONG,STOCK,MOMENTUM_CONTINUATION,UP,100,74.68,3.053,1057.6,2.595,27.44,HISTORY_TARGET,HISTORY_TARGET,12.072,0.0,5315.42,2024-23
BBY,2024-06-03,2024-06-04,Monday,LONG,STOCK,MOMENTUM_CONTINUATION,UP,100,74.68,3.053,1057.6,2.595,27.44,HISTORY_TARGET,HISTORY_TARGET,2.742,0.0,5342.87,2024-23
NVDA,2024-06-03,2024-06-04,Monday,LONG,STOCK,MOMENTUM_CONTINUATION,UP,100,74.68,3.053,1057.6,2.595,27.44,HISTORY_TARGET,HISTORY_TARGET,2.622,0.0,5370.31,2024-23
CCL,2024-06-04,2024-06-05,Tuesday,LONG,STOCK,MOMENTUM_CONTINUATION,UP,95,74.68,3.053,1074.06,2.595,27.87,HISTORY_TARGET,HISTORY_TARGET,5.504,0.0,5398.18,2024-23
NVDA,2024-06-05,2024-06-06,Wednesday,LONG,STOCK,MOMENTUM_CONTINUATION,UP,100,74.68,3.053,1079.64,2.595,28.02,HISTORY_TARGET,HISTORY_TARGET,6.096,-0.043,5426.2,2024-23
HPQ,2024-06-03,2024-06-07,Monday,LONG,STOCK,MOMENTUM_CONTINUATION,UP,100,74.68,3.053,1057.6,-0.137,-1.45,FRIDAY_EXIT,FRIDAY_EXIT,0.795,-3.671,5424.75,2024-23
DECK,2024-06-03,2024-06-07,Monday,LONG,STOCK,MOMENTUM_CONTINUATION,UP,86,74.68,3.053,1057.6,-4.529,-47.9,FRIDAY_EXIT,FRIDAY_EXIT,0.724,-5.523,5376.85,2024-23
BBY,2024-06-04,2024-06-07,Tuesday,LONG,STOCK,MOMENTUM_CONTINUATION,UP,100,74.68,3.053,1074.06,1.127,12.1,FRIDAY_EXIT,FRIDAY_EXIT,2.369,-0.414,5388.96,2024-23
COHR,2024-06-04,2024-06-07,Tuesday,LONG,STOCK,MOMENTUM_CONTINUATION,UP,98,74.68,3.053,1074.06,-3.712,-39.87,FRIDAY_EXIT,FRIDAY_EXIT,0.0,-6.329,5349.09,2024-23
TPL,2024-06-10,2024-06-11,Monday,LONG,STOCK,MOMENTUM_CONTINUATION,UP,100,74.68,3.053,1069.82,2.595,27.76,HISTORY_TARGET,HISTORY_TARGET,25.862,0.0,5376.85,2024-24
FSLR,2024-06-10,2024-06-11,Monday,LONG,STOCK,MOMENTUM_CONTINUATION,UP,100,74.68,3.053,1069.82,2.595,27.76,HISTORY_TARGET,HISTORY_TARGET,10.782,0.0,5404.61,2024-24
HOOD,2024-06-10,2024-06-11,Monday,LONG,STOCK,MOMENTUM_CONTINUATION,UP,100,74.68,3.053,1069.82,2.595,27.76,HISTORY_TARGET,HISTORY_TARGET,5.452,0.0,5432.37,2024-24
KKR,2024-06-10,2024-06-11,Monday,LONG,STOCK,MOMENTUM_CONTINUATION,UP,100,74.68,3.053,1069.82,2.595,27.76,HISTORY_TARGET,HISTORY_TARGET,5.109,0.0,5460.14,2024-24
CRWD,2024-06-10,2024-06-11,Monday,LONG,STOCK,MOMENTUM_CONTINUATION,UP,100,74.68,3.053,1069.82,2.595,27.76,HISTORY_TARGET,HISTORY_TARGET,4.876,0.0,5487.9,2024-24
TPL,2024-06-11,2024-06-12,Tuesday,LONG,STOCK,MOMENTUM_CONTINUATION,UP,100,74.68,3.053,1097.58,2.595,28.48,HISTORY_TARGET,HISTORY_TARGET,11.813,0.0,5516.38,2024-24
FSLR,2024-06-11,2024-06-12,Tuesday,LONG,STOCK,MOMENTUM_CONTINUATION,UP,100,74.68,3.053,1097.58,2.595,28.48,HISTORY_TARGET,HISTORY_TARGET,9.604,0.0,5544.86,2024-24
HOOD,2024-06-11,2024-06-12,Tuesday,LONG,STOCK,MOMENTUM_CONTINUATION,UP,100,74.68,3.053,1097.58,2.595,28.48,HISTORY_TARGET,HISTORY_TARGET,6.342,0.0,5573.34,2024-24
CRWD,2024-06-11,2024-06-12,Tuesday,LONG,STOCK,MOMENTUM_CONTINUATION,UP,100,74.68,3.053,1097.58,2.595,28.48,HISTORY_TARGET,HISTORY_TARGET,4.786,0.0,5601.83,2024-24
HPE,2024-06-11,2024-06-12,Tuesday,LONG,STOCK,MOMENTUM_CONTINUATION,UP,100,74.68,3.053,1097.58,2.595,28.48,HISTORY_TARGET,HISTORY_TARGET,3.244,0.0,5630.31,2024-24
ORCL,2024-06-12,2024-06-13,Wednesday,LONG,STOCK,MOMENTUM_CONTINUATION,UP,100,74.68,3.053,1126.06,2.595,29.22,HISTORY_TARGET,HISTORY_TARGET,5.724,0.0,5659.53,2024-24
CASY,2024-06-12,2024-06-13,Wednesday,LONG,STOCK,MOMENTUM_CONTINUATION,UP,100,74.68,3.053,1126.06,2.595,29.22,HISTORY_TARGET,HISTORY_TARGET,5.62,0.0,5688.75,2024-24
AAPL,2024-06-12,2024-06-13,Wednesday,LONG,STOCK,MOMENTUM_CONTINUATION,UP,100,74.68,3.053,1126.06,2.595,29.22,HISTORY_TARGET,HISTORY_TARGET,4.523,0.0,5717.97,2024-24
TPL,2024-06-12,2024-06-14,Wednesday,LONG,STOCK,MOMENTUM_CONTINUATION,UP,100,74.68,3.053,1126.06,-3.226,-36.33,FRIDAY_EXIT,FRIDAY_EXIT,1.641,-4.223,5681.65,2024-24
FSLR,2024-06-12,2024-06-14,Wednesday,LONG,STOCK,MOMENTUM_CONTINUATION,UP,100,74.68,3.053,1126.06,-8.0,-90.08,STOP_LOSS,STOP_LOSS,1.338,-9.215,5591.56,2024-24
COHR,2024-06-17,2024-06-18,Monday,LONG,STOCK,MOMENTUM_CONTINUATION,UP,100,74.68,3.053,1118.31,2.595,29.02,HISTORY_TARGET,HISTORY_TARGET,6.12,0.0,5620.58,2024-25
ORCL,2024-06-17,2024-06-18,Monday,LONG,STOCK,MOMENTUM_CONTINUATION,UP,100,74.68,3.053,1118.31,2.595,29.02,HISTORY_TARGET,HISTORY_TARGET,4.51,0.0,5649.6,2024-25
AVGO,2024-06-17,2024-06-18,Monday,LONG,STOCK,MOMENTUM_CONTINUATION,UP,100,74.68,3.053,1118.31,2.595,29.02,HISTORY_TARGET,HISTORY_TARGET,2.868,-0.833,5678.62,2024-25
NVDA,2024-06-17,2024-06-20,Monday,LONG,STOCK,MOMENTUM_CONTINUATION,UP,100,74.68,3.053,1118.31,2.595,29.02,HISTORY_TARGET,HISTORY_TARGET,5.843,-2.609,5707.64,2024-25
SMCI,2024-06-18,2024-06-20,Tuesday,LONG,STOCK,MOMENTUM_CONTINUATION,UP,100,74.68,3.053,1135.72,2.595,29.47,HISTORY_TARGET,HISTORY_TARGET,13.046,0.0,5737.11,2024-25
MU,2024-06-18,2024-06-20,Tuesday,LONG,STOCK,MOMENTUM_CONTINUATION,UP,100,74.68,3.053,1135.72,2.595,29.47,HISTORY_TARGET,HISTORY_TARGET,3.737,-5.819,5766.59,2024-25
ORCL,2024-06-18,2024-06-20,Tuesday,LONG,STOCK,MOMENTUM_CONTINUATION,UP,100,74.68,3.053,1135.72,2.595,29.47,HISTORY_TARGET,HISTORY_TARGET,2.903,0.0,5796.06,2024-25
CASY,2024-06-17,2024-06-21,Monday,LONG,STOCK,MOMENTUM_CONTINUATION,UP,99,74.68,3.053,1118.31,0.5,5.59,PROFIT_PROTECTION_PROXY,FRIDAY_EXIT,2.441,-1.529,5801.65,2024-25
CVNA,2024-06-24,2024-06-25,Monday,LONG,STOCK,MOMENTUM_CONTINUATION,UP,100,74.68,3.053,1160.33,2.595,30.11,HISTORY_TARGET,HISTORY_TARGET,14.431,0.0,5831.76,2024-26
BKR,2024-06-24,2024-06-25,Monday,LONG,STOCK,MOMENTUM_CONTINUATION,UP,87,74.68,3.053,1160.33,2.595,30.11,HISTORY_TARGET,HISTORY_TARGET,5.308,0.0,5861.87,2024-26
CCL,2024-06-24,2024-06-25,Monday,LONG,STOCK,MOMENTUM_CONTINUATION,UP,84,74.68,3.053,1160.33,2.595,30.11,HISTORY_TARGET,HISTORY_TARGET,10.559,0.0,5891.98,2024-26
CVNA,2024-06-25,2024-06-26,Tuesday,LONG,STOCK,MOMENTUM_CONTINUATION,UP,100,74.68,3.053,1178.4,2.595,30.58,HISTORY_TARGET,HISTORY_TARGET,10.941,0.0,5922.56,2024-26
CCL,2024-06-25,2024-06-26,Tuesday,LONG,STOCK,MOMENTUM_CONTINUATION,UP,100,74.68,3.053,1178.4,2.595,30.58,HISTORY_TARGET,HISTORY_TARGET,8.696,0.0,5953.14,2024-26
NCLH,2024-06-25,2024-06-26,Tuesday,LONG,STOCK,MOMENTUM_CONTINUATION,UP,92,74.68,3.053,1178.4,2.595,30.58,HISTORY_TARGET,HISTORY_TARGET,4.416,0.0,5983.72,2024-26
BBY,2024-06-24,2024-06-27,Monday,LONG,STOCK,MOMENTUM_CONTINUATION,UP,85,74.68,3.053,1160.33,-8.0,-92.83,STOP_LOSS,STOP_LOSS,0.0,-8.308,5890.89,2024-26
CVNA,2024-06-26,2024-06-27,Wednesday,LONG,STOCK,MOMENTUM_CONTINUATION,UP,100,74.68,3.053,1196.74,2.595,31.06,HISTORY_TARGET,HISTORY_TARGET,6.424,-1.873,5921.95,2024-26
CCL,2024-06-26,2024-06-27,Wednesday,LONG,STOCK,MOMENTUM_CONTINUATION,UP,100,74.68,3.053,1196.74,2.595,31.06,HISTORY_TARGET,HISTORY_TARGET,4.246,0.0,5953.0,2024-26
GM,2024-06-24,2024-06-28,Monday,LONG,STOCK,MOMENTUM_CONTINUATION,UP,86,74.68,3.053,1160.33,-2.742,-31.82,FRIDAY_EXIT,FRIDAY_EXIT,0.691,-5.171,5921.19,2024-26
FDX,2024-06-26,2024-06-28,Wednesday,LONG,STOCK,MOMENTUM_CONTINUATION,UP,100,74.68,3.053,1196.74,2.595,31.06,HISTORY_TARGET,HISTORY_TARGET,4.847,-0.007,5952.24,2024-26
TSLA,2024-07-01,2024-07-02,Monday,LONG,STOCK,MOMENTUM_CONTINUATION,UP,100,74.68,3.053,1190.45,2.595,30.89,HISTORY_TARGET,HISTORY_TARGET,15.063,0.0,5983.14,2024-27
LITE,2024-07-01,2024-07-02,Monday,LONG,STOCK,MOMENTUM_CONTINUATION,UP,94,74.68,3.053,1190.45,2.595,30.89,HISTORY_TARGET,HISTORY_TARGET,6.656,0.0,6014.03,2024-27
PLTR,2024-07-01,2024-07-02,Monday,LONG,STOCK,MOMENTUM_CONTINUATION,UP,89,74.68,3.053,1190.45,2.595,30.89,HISTORY_TARGET,HISTORY_TARGET,3.728,0.0,6044.92,2024-27
TSLA,2024-07-02,2024-07-03,Tuesday,LONG,STOCK,MOMENTUM_CONTINUATION,UP,100,74.68,3.053,1208.98,2.595,31.37,HISTORY_TARGET,HISTORY_TARGET,13.459,0.0,6076.29,2024-27
LITE,2024-07-02,2024-07-03,Tuesday,LONG,STOCK,MOMENTUM_CONTINUATION,UP,100,74.68,3.053,1208.98,2.595,31.37,HISTORY_TARGET,HISTORY_TARGET,6.267,0.0,6107.67,2024-27
FDX,2024-07-01,2024-07-05,Monday,LONG,STOCK,MOMENTUM_CONTINUATION,UP,100,74.68,3.053,1190.45,-1.382,-16.45,FRIDAY_EXIT,FRIDAY_EXIT,1.036,-2.029,6091.21,2024-27
CCL,2024-07-01,2024-07-05,Monday,LONG,STOCK,MOMENTUM_CONTINUATION,UP,92,74.68,3.053,1190.45,-8.0,-95.24,STOP_LOSS,STOP_LOSS,0.0,-8.794,5995.98,2024-27
ADBE,2024-07-02,2024-07-05,Tuesday,LONG,STOCK,MOMENTUM_CONTINUATION,UP,91,74.68,3.053,1208.98,2.595,31.37,HISTORY_TARGET,HISTORY_TARGET,3.67,0.0,6027.35,2024-27
TSLA,2024-07-03,2024-07-05,Wednesday,LONG,STOCK,MOMENTUM_CONTINUATION,UP,100,74.68,3.053,1221.53,2.595,31.7,HISTORY_TARGET,HISTORY_TARGET,7.593,0.0,6059.05,2024-27
AVGO,2024-07-03,2024-07-05,Wednesday,LONG,STOCK,MOMENTUM_CONTINUATION,UP,100,74.68,3.053,1221.53,2.595,31.7,HISTORY_TARGET,HISTORY_TARGET,5.717,0.0,6090.75,2024-27
GLW,2024-07-08,2024-07-09,Monday,LONG,STOCK,MOMENTUM_CONTINUATION,UP,100,74.68,3.053,1218.15,2.595,31.61,HISTORY_TARGET,HISTORY_TARGET,10.147,0.0,6122.36,2024-28
TSLA,2024-07-08,2024-07-09,Monday,LONG,STOCK,MOMENTUM_CONTINUATION,UP,100,74.68,3.053,1218.15,2.595,31.61,HISTORY_TARGET,HISTORY_TARGET,7.226,0.0,6153.97,2024-28
AVGO,2024-07-08,2024-07-09,Monday,LONG,STOCK,MOMENTUM_CONTINUATION,UP,96,74.68,3.053,1218.15,2.595,31.61,HISTORY_TARGET,HISTORY_TARGET,3.87,0.0,6185.58,2024-28
TSLA,2024-07-09,2024-07-10,Tuesday,LONG,STOCK,MOMENTUM_CONTINUATION,UP,100,74.68,3.053,1237.12,2.595,32.1,HISTORY_TARGET,HISTORY_TARGET,6.61,0.0,6217.69,2024-28
GLW,2024-07-09,2024-07-10,Tuesday,LONG,STOCK,MOMENTUM_CONTINUATION,UP,100,74.68,3.053,1237.12,2.595,32.1,HISTORY_TARGET,HISTORY_TARGET,5.006,0.0,6249.79,2024-28
LITE,2024-07-08,2024-07-11,Monday,LONG,STOCK,MOMENTUM_CONTINUATION,UP,100,74.68,3.053,1218.15,2.595,31.61,HISTORY_TARGET,HISTORY_TARGET,3.154,-1.367,6281.4,2024-28
AMD,2024-07-10,2024-07-11,Wednesday,LONG,STOCK,MOMENTUM_CONTINUATION,UP,100,74.68,3.053,1249.96,2.595,32.44,HISTORY_TARGET,HISTORY_TARGET,3.956,-1.522,6313.84,2024-28
TSLA,2024-07-10,2024-07-11,Wednesday,LONG,STOCK,MOMENTUM_CONTINUATION,UP,100,74.68,3.053,1249.96,-8.0,-100.0,STOP_LOSS,STOP_LOSS,3.12,-8.809,6213.84,2024-28
SW,2024-07-08,2024-07-12,Monday,LONG,STOCK,MOMENTUM_CONTINUATION,UP,100,74.68,3.053,1218.15,2.595,31.61,HISTORY_TARGET,HISTORY_TARGET,4.03,-6.498,6245.45,2024-28
INTC,2024-07-09,2024-07-12,Tuesday,LONG,STOCK,MOMENTUM_CONTINUATION,UP,100,74.68,3.053,1237.12,-1.513,-18.72,FRIDAY_EXIT,FRIDAY_EXIT,1.314,-4.883,6226.73,2024-28
CVNA,2024-07-15,2024-07-16,Monday,LONG,STOCK,MOMENTUM_CONTINUATION,UP,100,74.68,3.053,1245.35,2.595,32.32,HISTORY_TARGET,HISTORY_TARGET,7.309,0.0,6259.05,2024-29
XYZ,2024-07-15,2024-07-16,Monday,LONG,STOCK,MOMENTUM_CONTINUATION,UP,100,74.68,3.053,1245.35,2.595,32.32,HISTORY_TARGET,HISTORY_TARGET,5.569,0.0,6291.37,2024-29
CHTR,2024-07-15,2024-07-16,Monday,LONG,STOCK,MOMENTUM_CONTINUATION,UP,100,74.68,3.053,1245.35,2.595,32.32,HISTORY_TARGET,HISTORY_TARGET,5.021,0.0,6323.68,2024-29
KEY,2024-07-15,2024-07-16,Monday,LONG,STOCK,MOMENTUM_CONTINUATION,UP,93,74.68,3.053,1245.35,2.595,32.32,HISTORY_TARGET,HISTORY_TARGET,3.357,-0.258,6356.0,2024-29
STT,2024-07-16,2024-07-17,Tuesday,LONG,STOCK,MOMENTUM_CONTINUATION,UP,100,74.68,3.053,1271.2,2.595,32.99,HISTORY_TARGET,HISTORY_TARGET,7.384,0.0,6388.99,2024-29
PHM,2024-07-16,2024-07-17,Tuesday,LONG,STOCK,MOMENTUM_CONTINUATION,UP,100,74.68,3.053,1271.2,2.595,32.99,HISTORY_TARGET,HISTORY_TARGET,5.036,0.0,6421.97,2024-29
DHI,2024-07-16,2024-07-17,Tuesday,LONG,STOCK,MOMENTUM_CONTINUATION,UP,100,74.68,3.053,1271.2,2.595,32.99,HISTORY_TARGET,HISTORY_TARGET,4.726,0.0,6454.96,2024-29
LEN,2024-07-16,2024-07-17,Tuesday,LONG,STOCK,MOMENTUM_CONTINUATION,UP,100,74.68,3.053,1271.2,2.595,32.99,HISTORY_TARGET,HISTORY_TARGET,4.545,0.0,6487.95,2024-29
BXP,2024-07-15,2024-07-18,Monday,LONG,STOCK,MOMENTUM_CONTINUATION,UP,95,74.68,3.053,1245.35,2.595,32.32,HISTORY_TARGET,HISTORY_TARGET,3.146,-2.575,6520.27,2024-29
WBD,2024-07-17,2024-07-18,Wednesday,LONG,STOCK,MOMENTUM_CONTINUATION,UP,100,74.68,3.053,1297.59,2.595,33.67,HISTORY_TARGET,HISTORY_TARGET,12.232,0.0,6553.94,2024-29
CFG,2024-07-17,2024-07-18,Wednesday,LONG,STOCK,MOMENTUM_CONTINUATION,UP,100,74.68,3.053,1297.59,2.595,33.67,HISTORY_TARGET,HISTORY_TARGET,7.483,0.0,6587.61,2024-29
EPAM,2024-07-17,2024-07-18,Wednesday,LONG,STOCK,MOMENTUM_CONTINUATION,UP,100,74.68,3.053,1297.59,2.595,33.67,HISTORY_TARGET,HISTORY_TARGET,6.964,0.0,6621.28,2024-29
UNH,2024-07-17,2024-07-18,Wednesday,LONG,STOCK,MOMENTUM_CONTINUATION,UP,100,74.68,3.053,1297.59,2.595,33.67,HISTORY_TARGET,HISTORY_TARGET,4.964,0.0,6654.96,2024-29
COIN,2024-07-22,2024-07-23,Monday,LONG,STOCK,MOMENTUM_CONTINUATION,UP,96,74.68,3.053,1330.99,2.595,34.54,HISTORY_TARGET,HISTORY_TARGET,4.638,-1.221,6689.5,2024-30
TFC,2024-07-22,2024-07-23,Monday,LONG,STOCK,MOMENTUM_CONTINUATION,UP,92,74.68,3.053,1330.99,2.595,34.54,HISTORY_TARGET,HISTORY_TARGET,3.257,0.0,6724.04,2024-30
SOLV,2024-07-23,2024-07-24,Tuesday,LONG,STOCK,MOMENTUM_CONTINUATION,UP,96,74.68,3.053,1344.81,2.595,34.9,HISTORY_TARGET,HISTORY_TARGET,6.5,0.0,6758.93,2024-30
WBD,2024-07-22,2024-07-25,Monday,LONG,STOCK,MOMENTUM_CONTINUATION,UP,99,74.68,3.053,1330.99,-8.0,-106.48,STOP_LOSS,STOP_LOSS,1.156,-10.867,6652.45,2024-30
DHI,2024-07-22,2024-07-26,Monday,LONG,STOCK,MOMENTUM_CONTINUATION,UP,100,74.68,3.053,1330.99,2.595,34.54,HISTORY_TARGET,HISTORY_TARGET,3.214,-2.412,6686.99,2024-30
HBAN,2024-07-22,2024-07-26,Monday,LONG,STOCK,MOMENTUM_CONTINUATION,UP,92,74.68,3.053,1330.99,1.748,23.27,FRIDAY_EXIT,FRIDAY_EXIT,2.555,0.0,6710.26,2024-30
MSCI,2024-07-23,2024-07-26,Tuesday,LONG,STOCK,MOMENTUM_CONTINUATION,UP,93,74.68,3.053,1344.81,-1.716,-23.08,FRIDAY_EXIT,FRIDAY_EXIT,0.0,-3.706,6687.18,2024-30
STX,2024-07-24,2024-07-26,Wednesday,LONG,STOCK,MOMENTUM_CONTINUATION,UP,95,74.68,3.053,1351.79,-4.881,-65.98,FRIDAY_EXIT,FRIDAY_EXIT,0.064,-5.615,6621.2,2024-30
SWK,2024-07-29,2024-07-30,Monday,LONG,STOCK,MOMENTUM_CONTINUATION,UP,100,74.68,3.053,1324.24,2.595,34.36,HISTORY_TARGET,HISTORY_TARGET,11.177,0.0,6655.57,2024-31
RVTY,2024-07-29,2024-07-30,Monday,LONG,STOCK,MOMENTUM_CONTINUATION,UP,100,74.68,3.053,1324.24,2.595,34.36,HISTORY_TARGET,HISTORY_TARGET,5.155,0.0,6689.93,2024-31
CHTR,2024-07-29,2024-07-30,Monday,LONG,STOCK,MOMENTUM_CONTINUATION,UP,100,74.68,3.053,1324.24,2.595,34.36,HISTORY_TARGET,HISTORY_TARGET,5.08,0.0,6724.29,2024-31
NDAQ,2024-07-29,2024-07-30,Monday,LONG,STOCK,MOMENTUM_CONTINUATION,UP,100,74.68,3.053,1324.24,2.595,34.36,HISTORY_TARGET,HISTORY_TARGET,4.571,0.0,6758.66,2024-31
CNC,2024-07-30,2024-07-31,Tuesday,LONG,STOCK,MOMENTUM_CONTINUATION,UP,100,74.68,3.053,1351.73,2.595,35.08,HISTORY_TARGET,HISTORY_TARGET,6.356,0.0,6793.73,2024-31
HWM,2024-07-30,2024-07-31,Tuesday,LONG,STOCK,MOMENTUM_CONTINUATION,UP,100,74.68,3.053,1351.73,2.595,35.08,HISTORY_TARGET,HISTORY_TARGET,4.733,0.0,6828.81,2024-31
SWK,2024-07-30,2024-07-31,Tuesday,LONG,STOCK,MOMENTUM_CONTINUATION,UP,100,74.68,3.053,1351.73,2.595,35.08,HISTORY_TARGET,HISTORY_TARGET,3.861,-0.067,6863.89,2024-31
FFIV,2024-07-30,2024-07-31,Tuesday,LONG,STOCK,MOMENTUM_CONTINUATION,UP,100,74.68,3.053,1351.73,2.595,35.08,HISTORY_TARGET,HISTORY_TARGET,3.146,-0.731,6898.97,2024-31
HWM,2024-07-31,2024-08-01,Wednesday,LONG,STOCK,MOMENTUM_CONTINUATION,UP,100,74.68,3.053,1379.79,2.595,35.81,HISTORY_TARGET,HISTORY_TARGET,3.083,-0.297,6934.77,2024-31
UHS,2024-07-29,2024-08-02,Monday,LONG,STOCK,MOMENTUM_CONTINUATION,UP,100,74.68,3.053,1324.24,-1.131,-14.98,FRIDAY_EXIT,FRIDAY_EXIT,1.549,-2.175,6919.8,2024-31
CNC,2024-07-31,2024-08-02,Wednesday,LONG,STOCK,MOMENTUM_CONTINUATION,UP,100,74.68,3.053,1379.79,2.595,35.81,HISTORY_TARGET,HISTORY_TARGET,2.748,-2.214,6955.6,2024-31
CBRE,2024-07-31,2024-08-02,Wednesday,LONG,STOCK,MOMENTUM_CONTINUATION,UP,100,74.68,3.053,1379.79,-1.596,-22.02,FRIDAY_EXIT,FRIDAY_EXIT,1.212,-3.013,6933.58,2024-31
POOL,2024-07-31,2024-08-02,Wednesday,LONG,STOCK,MOMENTUM_CONTINUATION,UP,100,74.68,3.053,1379.79,-5.665,-78.17,FRIDAY_EXIT,FRIDAY_EXIT,0.737,-6.86,6855.41,2024-31
DASH,2024-08-05,2024-08-06,Monday,LONG,STOCK,MOMENTUM_CONTINUATION,UP,100,74.68,3.053,1371.08,2.595,35.58,HISTORY_TARGET,HISTORY_TARGET,17.379,0.0,6890.99,2024-32
CHRW,2024-08-05,2024-08-06,Monday,LONG,STOCK,MOMENTUM_CONTINUATION,UP,92,74.68,3.053,1371.08,2.595,35.58,HISTORY_TARGET,HISTORY_TARGET,3.48,0.0,6926.57,2024-32
CBOE,2024-08-05,2024-08-06,Monday,LONG,STOCK,MOMENTUM_CONTINUATION,UP,91,74.68,3.053,1371.08,2.595,35.58,HISTORY_TARGET,HISTORY_TARGET,2.64,0.0,6962.15,2024-32
KVUE,2024-08-06,2024-08-07,Tuesday,LONG,STOCK,MOMENTUM_CONTINUATION,UP,100,74.68,3.053,1392.43,2.595,36.13,HISTORY_TARGET,HISTORY_TARGET,4.466,0.0,6998.29,2024-32
DASH,2024-08-06,2024-08-07,Tuesday,LONG,STOCK,MOMENTUM_CONTINUATION,UP,100,74.68,3.053,1392.43,2.595,36.13,HISTORY_TARGET,HISTORY_TARGET,3.168,-0.882,7034.42,2024-32
AXON,2024-08-07,2024-08-08,Wednesday,LONG,STOCK,MOMENTUM_CONTINUATION,UP,100,74.68,3.053,1406.88,2.595,36.51,HISTORY_TARGET,HISTORY_TARGET,12.724,0.0,7070.93,2024-32
FTNT,2024-08-07,2024-08-08,Wednesday,LONG,STOCK,MOMENTUM_CONTINUATION,UP,100,74.68,3.053,1406.88,2.595,36.51,HISTORY_TARGET,HISTORY_TARGET,8.085,0.0,7107.44,2024-32
TSN,2024-08-05,2024-08-09,Monday,LONG,STOCK,MOMENTUM_CONTINUATION,UP,90,74.68,3.053,1371.08,-1.485,-20.36,FRIDAY_EXIT,FRIDAY_EXIT,0.303,-3.114,7087.08,2024-32
LH,2024-08-05,2024-08-09,Monday,LONG,STOCK,MOMENTUM_CONTINUATION,UP,90,74.68,3.053,1371.08,-2.388,-32.74,FRIDAY_EXIT,FRIDAY_EXIT,0.099,-6.052,7054.34,2024-32
CHRW,2024-08-06,2024-08-09,Tuesday,LONG,STOCK,MOMENTUM_CONTINUATION,UP,93,74.68,3.053,1392.43,0.02,0.28,FRIDAY_EXIT,FRIDAY_EXIT,1.807,-1.3,7054.61,2024-32
KEY,2024-08-12,2024-08-13,Monday,LONG,STOCK,MOMENTUM_CONTINUATION,UP,99,74.68,3.053,1410.92,-8.0,-112.87,STOP_LOSS,STOP_LOSS,0.0,-8.862,6941.74,2024-33
FTNT,2024-08-12,2024-08-14,Monday,LONG,STOCK,MOMENTUM_CONTINUATION,UP,100,74.68,3.053,1410.92,2.595,36.61,HISTORY_TARGET,HISTORY_TARGET,5.544,-0.215,6978.35,2024-33
PLTR,2024-08-12,2024-08-14,Monday,LONG,STOCK,MOMENTUM_CONTINUATION,UP,100,74.68,3.053,1410.92,2.595,36.61,HISTORY_TARGET,HISTORY_TARGET,3.805,-2.184,7014.97,2024-33
SBUX,2024-08-13,2024-08-14,Tuesday,LONG,STOCK,MOMENTUM_CONTINUATION,UP,100,74.68,3.053,1298.05,2.595,33.68,HISTORY_TARGET,HISTORY_TARGET,5.318,0.0,7048.65,2024-33
AXON,2024-08-12,2024-08-15,Monday,LONG,STOCK,MOMENTUM_CONTINUATION,UP,100,74.68,3.053,1410.92,2.595,36.61,HISTORY_TARGET,HISTORY_TARGET,2.757,-0.902,7085.26,2024-33
APP,2024-08-14,2024-08-15,Wednesday,LONG,STOCK,MOMENTUM_CONTINUATION,UP,100,74.68,3.053,1409.73,2.595,36.58,HISTORY_TARGET,HISTORY_TARGET,8.485,0.0,7121.85,2024-33
LLY,2024-08-14,2024-08-15,Wednesday,LONG,STOCK,MOMENTUM_CONTINUATION,UP,100,74.68,3.053,1409.73,2.595,36.58,HISTORY_TARGET,HISTORY_TARGET,3.073,0.0,7158.43,2024-33
PLTR,2024-08-14,2024-08-15,Wednesday,LONG,STOCK,MOMENTUM_CONTINUATION,UP,100,74.68,3.053,1407.35,2.595,36.52,HISTORY_TARGET,HISTORY_TARGET,2.858,0.0,7194.95,2024-33
KVUE,2024-08-12,2024-08-16,Monday,LONG,STOCK,MOMENTUM_CONTINUATION,UP,100,74.68,3.053,1410.92,2.595,36.61,HISTORY_TARGET,HISTORY_TARGET,2.989,0.0,7231.56,2024-33
NVDA,2024-08-19,2024-08-20,Monday,LONG,STOCK,MOMENTUM_CONTINUATION,UP,100,74.68,3.053,1446.31,2.595,37.53,HISTORY_TARGET,HISTORY_TARGET,4.506,0.0,7269.1,2024-34
COHR,2024-08-19,2024-08-20,Monday,LONG,STOCK,MOMENTUM_CONTINUATION,UP,96,74.68,3.053,1446.31,2.595,37.53,HISTORY_TARGET,HISTORY_TARGET,3.093,0.0,7306.63,2024-34
LITE,2024-08-20,2024-08-21,Tuesday,LONG,STOCK,MOMENTUM_CONTINUATION,UP,100,74.68,3.053,1461.33,2.595,37.92,HISTORY_TARGET,HISTORY_TARGET,7.532,0.0,7344.55,2024-34
PANW,2024-08-20,2024-08-21,Tuesday,LONG,STOCK,MOMENTUM_CONTINUATION,UP,100,74.68,3.053,1461.33,2.595,37.92,HISTORY_TARGET,HISTORY_TARGET,5.707,0.0,7382.47,2024-34
LITE,2024-08-21,2024-08-22,Wednesday,LONG,STOCK,MOMENTUM_CONTINUATION,UP,100,74.68,3.053,1476.49,2.595,38.32,HISTORY_TARGET,HISTORY_TARGET,4.287,0.0,7420.79,2024-34
CVNA,2024-08-19,2024-08-23,Monday,LONG,STOCK,MOMENTUM_CONTINUATION,UP,100,74.68,3.053,1446.31,2.456,35.52,FRIDAY_EXIT,FRIDAY_EXIT,2.501,-3.091,7456.31,2024-34
SBUX,2024-08-19,2024-08-23,Monday,LONG,STOCK,MOMENTUM_CONTINUATION,UP,100,74.68,3.053,1446.31,-0.35,-5.06,FRIDAY_EXIT,FRIDAY_EXIT,0.074,-2.735,7451.24,2024-34
ULTA,2024-08-19,2024-08-23,Monday,LONG,STOCK,MOMENTUM_CONTINUATION,UP,98,74.68,3.053,1446.31,-1.009,-14.59,FRIDAY_EXIT,FRIDAY_EXIT,0.923,-3.574,7436.65,2024-34
COHR,2024-08-21,2024-08-23,Wednesday,LONG,STOCK,MOMENTUM_CONTINUATION,UP,100,74.68,3.053,1476.49,0.672,9.92,FRIDAY_EXIT,FRIDAY_EXIT,1.966,-1.37,7446.57,2024-34
WDAY,2024-08-26,2024-08-27,Monday,LONG,STOCK,MOMENTUM_CONTINUATION,UP,85,74.68,3.053,1489.31,2.595,38.65,HISTORY_TARGET,HISTORY_TARGET,2.623,-0.219,7485.22,2024-35
SBUX,2024-08-26,2024-08-27,Monday,LONG,STOCK,MOMENTUM_CONTINUATION,UP,84,74.68,3.053,1489.31,2.595,38.65,HISTORY_TARGET,HISTORY_TARGET,4.798,0.0,7523.87,2024-35
SATS,2024-08-26,2024-08-27,Monday,LONG,STOCK,MOMENTUM_CONTINUATION,UP,81,74.68,3.053,1489.31,2.595,38.65,HISTORY_TARGET,HISTORY_TARGET,3.061,-0.765,7562.52,2024-35
RMD,2024-08-27,2024-08-28,Tuesday,LONG,STOCK,MOMENTUM_CONTINUATION,UP,97,74.68,3.053,1512.5,2.595,39.25,HISTORY_TARGET,HISTORY_TARGET,9.136,0.0,7601.77,2024-35
SBUX,2024-08-27,2024-08-28,Tuesday,LONG,STOCK,MOMENTUM_CONTINUATION,UP,91,74.68,3.053,1512.5,2.595,39.25,HISTORY_TARGET,HISTORY_TARGET,3.47,-1.069,7641.02,2024-35
ERIE,2024-08-28,2024-08-29,Wednesday,LONG,STOCK,MOMENTUM_CONTINUATION,UP,94,74.68,3.053,1528.2,2.595,39.66,HISTORY_TARGET,HISTORY_TARGET,3.041,-1.029,7680.67,2024-35
KEYS,2024-08-26,2024-08-30,Monday,LONG,STOCK,MOMENTUM_CONTINUATION,UP,84,74.68,3.053,1489.31,-0.657,-9.78,FRIDAY_EXIT,FRIDAY_EXIT,0.297,-2.198,7670.89,2024-35
VST,2024-08-26,2024-08-30,Monday,LONG,STOCK,MOMENTUM_CONTINUATION,UP,84,74.68,3.053,1489.31,-1.02,-15.19,FRIDAY_EXIT,FRIDAY_EXIT,0.0,-4.727,7655.7,2024-35
WDAY,2024-08-27,2024-08-30,Tuesday,LONG,STOCK,MOMENTUM_CONTINUATION,UP,87,74.68,3.053,1512.5,1.227,18.56,FRIDAY_EXIT,FRIDAY_EXIT,2.054,-0.788,7674.25,2024-35
RMD,2024-08-28,2024-08-30,Wednesday,LONG,STOCK,MOMENTUM_CONTINUATION,UP,89,74.68,3.053,1528.2,1.862,28.46,FRIDAY_EXIT,FRIDAY_EXIT,2.361,0.0,7702.71,2024-35
TAP,2024-09-03,2024-09-04,Tuesday,LONG,STOCK,MOMENTUM_CONTINUATION,UP,100,74.68,3.053,1540.54,2.595,39.98,HISTORY_TARGET,HISTORY_TARGET,7.715,0.0,7742.69,2024-36
PODD,2024-09-03,2024-09-04,Tuesday,LONG,STOCK,MOMENTUM_CONTINUATION,UP,94,74.68,3.053,1540.54,2.595,39.98,HISTORY_TARGET,HISTORY_TARGET,8.673,0.0,7782.66,2024-36
PODD,2024-09-04,2024-09-05,Wednesday,LONG,STOCK,MOMENTUM_CONTINUATION,UP,90,74.68,3.053,1556.53,2.595,40.39,HISTORY_TARGET,HISTORY_TARGET,7.25,0.0,7823.06,2024-36
MDLZ,2024-09-04,2024-09-05,Wednesday,LONG,STOCK,MOMENTUM_CONTINUATION,UP,84,74.68,3.053,1556.53,2.595,40.39,HISTORY_TARGET,HISTORY_TARGET,4.484,0.0,7863.45,2024-36
BBY,2024-09-03,2024-09-06,Tuesday,LONG,STOCK,MOMENTUM_CONTINUATION,UP,100,74.68,3.053,1540.54,-1.5,-23.11,FRIDAY_EXIT,FRIDAY_EXIT,1.03,-1.98,7840.34,2024-36
COO,2024-09-03,2024-09-06,Tuesday,LONG,STOCK,MOMENTUM_CONTINUATION,UP,96,74.68,3.053,1540.54,2.595,39.98,HISTORY_TARGET,HISTORY_TARGET,2.686,-0.495,7880.32,2024-36
FTNT,2024-09-03,2024-09-06,Tuesday,LONG,STOCK,MOMENTUM_CONTINUATION,UP,95,74.68,3.053,1540.54,-1.906,-29.36,FRIDAY_EXIT,FRIDAY_EXIT,0.731,-2.636,7850.95,2024-36
PLTR,2024-09-09,2024-09-10,Monday,LONG,STOCK,MOMENTUM_CONTINUATION,UP,100,74.68,3.053,1570.19,2.595,40.75,HISTORY_TARGET,HISTORY_TARGET,7.645,0.0,7891.7,2024-37
UAL,2024-09-09,2024-09-10,Monday,LONG,STOCK,MOMENTUM_CONTINUATION,UP,100,74.68,3.053,1570.19,2.595,40.75,HISTORY_TARGET,HISTORY_TARGET,5.078,0.0,7932.45,2024-37
PODD,2024-09-09,2024-09-10,Monday,LONG,STOCK,MOMENTUM_CONTINUATION,UP,94,74.68,3.053,1570.19,2.595,40.75,HISTORY_TARGET,HISTORY_TARGET,4.19,-0.138,7973.19,2024-37
SATS,2024-09-09,2024-09-11,Monday,LONG,STOCK,MOMENTUM_CONTINUATION,UP,100,74.68,3.053,1570.19,2.595,40.75,HISTORY_TARGET,HISTORY_TARGET,2.91,-7.073,8013.94,2024-37
ORCL,2024-09-10,2024-09-11,Tuesday,LONG,STOCK,MOMENTUM_CONTINUATION,UP,100,74.68,3.053,1594.64,2.595,41.38,HISTORY_TARGET,HISTORY_TARGET,3.378,0.0,8055.32,2024-37
UAL,2024-09-10,2024-09-12,Tuesday,LONG,STOCK,MOMENTUM_CONTINUATION,UP,98,74.68,3.053,1594.64,2.595,41.38,HISTORY_TARGET,HISTORY_TARGET,3.673,-3.143,8096.7,2024-37
APP,2024-09-11,2024-09-12,Wednesday,LONG,STOCK,MOMENTUM_CONTINUATION,UP,100,74.68,3.053,1611.06,2.595,41.81,HISTORY_TARGET,HISTORY_TARGET,21.588,0.0,8138.51,2024-37
FSLR,2024-09-11,2024-09-12,Wednesday,LONG,STOCK,MOMENTUM_CONTINUATION,UP,100,74.68,3.053,1611.06,2.595,41.81,HISTORY_TARGET,HISTORY_TARGET,11.364,0.0,8180.32,2024-37
ULTA,2024-09-09,2024-09-13,Monday,LONG,STOCK,MOMENTUM_CONTINUATION,UP,90,74.68,3.053,1570.19,2.595,40.75,HISTORY_TARGET,HISTORY_TARGET,3.962,-3.321,8221.06,2024-37
PLTR,2024-09-10,2024-09-13,Tuesday,LONG,STOCK,MOMENTUM_CONTINUATION,UP,100,74.68,3.053,1594.64,2.595,41.38,HISTORY_TARGET,HISTORY_TARGET,3.447,-3.419,8262.44,2024-37
APP,2024-09-16,2024-09-17,Monday,LONG,STOCK,MOMENTUM_CONTINUATION,UP,100,74.68,3.053,1652.49,2.595,42.88,HISTORY_TARGET,HISTORY_TARGET,11.997,0.0,8305.33,2024-38
VST,2024-09-16,2024-09-17,Monday,LONG,STOCK,MOMENTUM_CONTINUATION,UP,100,74.68,3.053,1652.49,2.595,42.88,HISTORY_TARGET,HISTORY_TARGET,8.718,0.0,8348.21,2024-38
SATS,2024-09-16,2024-09-17,Monday,LONG,STOCK,MOMENTUM_CONTINUATION,UP,100,74.68,3.053,1652.49,2.595,42.88,HISTORY_TARGET,HISTORY_TARGET,7.482,0.0,8391.09,2024-38
AES,2024-09-16,2024-09-17,Monday,LONG,STOCK,MOMENTUM_CONTINUATION,UP,100,74.68,3.053,1652.49,2.595,42.88,HISTORY_TARGET,HISTORY_TARGET,5.436,0.0,8433.97,2024-38
GEV,2024-09-16,2024-09-17,Monday,LONG,STOCK,MOMENTUM_CONTINUATION,UP,100,74.68,3.053,1652.49,2.595,42.88,HISTORY_TARGET,HISTORY_TARGET,5.319,0.0,8476.85,2024-38
APP,2024-09-17,2024-09-18,Tuesday,LONG,STOCK,MOMENTUM_CONTINUATION,UP,100,74.68,3.053,1695.37,2.595,43.99,HISTORY_TARGET,HISTORY_TARGET,6.423,0.0,8520.85,2024-38
VST,2024-09-17,2024-09-18,Tuesday,LONG,STOCK,MOMENTUM_CONTINUATION,UP,100,74.68,3.053,1695.37,2.595,43.99,HISTORY_TARGET,HISTORY_TARGET,4.008,0.0,8564.84,2024-38
GEV,2024-09-17,2024-09-19,Tuesday,LONG,STOCK,MOMENTUM_CONTINUATION,UP,100,74.68,3.053,1695.37,2.595,43.99,HISTORY_TARGET,HISTORY_TARGET,3.084,-1.544,8608.84,2024-38
NCLH,2024-09-17,2024-09-19,Tuesday,LONG,STOCK,MOMENTUM_CONTINUATION,UP,100,74.68,3.053,1695.37,2.595,43.99,HISTORY_TARGET,HISTORY_TARGET,2.7,-1.45,8652.83,2024-38
CVNA,2024-09-18,2024-09-19,Wednesday,LONG,STOCK,MOMENTUM_CONTINUATION,UP,100,74.68,3.053,1712.97,2.595,44.45,HISTORY_TARGET,HISTORY_TARGET,9.099,0.0,8697.29,2024-38
CCL,2024-09-18,2024-09-19,Wednesday,LONG,STOCK,MOMENTUM_CONTINUATION,UP,100,74.68,3.053,1712.97,2.595,44.45,HISTORY_TARGET,HISTORY_TARGET,4.744,0.0,8741.74,2024-38
SATS,2024-09-17,2024-09-20,Tuesday,LONG,STOCK,MOMENTUM_CONTINUATION,UP,100,74.68,3.053,1695.37,0.5,8.48,PROFIT_PROTECTION_PROXY,FRIDAY_EXIT,2.497,-4.692,8750.21,2024-38
VST,2024-09-23,2024-09-24,Monday,LONG,STOCK,MOMENTUM_CONTINUATION,UP,100,74.68,3.053,1750.04,2.595,45.41,HISTORY_TARGET,HISTORY_TARGET,4.73,0.0,8795.63,2024-39
COHR,2024-09-23,2024-09-24,Monday,LONG,STOCK,MOMENTUM_CONTINUATION,UP,100,74.68,3.053,1750.04,2.595,45.41,HISTORY_TARGET,HISTORY_TARGET,4.694,0.0,8841.04,2024-39
APP,2024-09-23,2024-09-24,Monday,LONG,STOCK,MOMENTUM_CONTINUATION,UP,99,74.68,3.053,1750.04,2.595,45.41,HISTORY_TARGET,HISTORY_TARGET,3.682,0.0,8886.45,2024-39
CEG,2024-09-23,2024-09-25,Monday,LONG,STOCK,MOMENTUM_CONTINUATION,UP,100,74.68,3.053,1750.04,2.595,45.41,HISTORY_TARGET,HISTORY_TARGET,2.901,-3.264,8931.87,2024-39
VST,2024-09-24,2024-09-25,Tuesday,LONG,STOCK,MOMENTUM_CONTINUATION,UP,100,74.68,3.053,1777.29,2.595,46.12,HISTORY_TARGET,HISTORY_TARGET,7.793,0.0,8977.99,2024-39
COHR,2024-09-24,2024-09-25,Tuesday,LONG,STOCK,MOMENTUM_CONTINUATION,UP,100,74.68,3.053,1777.29,2.595,46.12,HISTORY_TARGET,HISTORY_TARGET,2.975,0.0,9024.11,2024-39
TSLA,2024-09-24,2024-09-26,Tuesday,LONG,STOCK,MOMENTUM_CONTINUATION,UP,100,74.68,3.053,1777.29,2.595,46.12,HISTORY_TARGET,HISTORY_TARGET,3.019,-1.004,9070.23,2024-39
INTC,2024-09-25,2024-09-26,Wednesday,LONG,STOCK,MOMENTUM_CONTINUATION,UP,100,74.68,3.053,1804.82,2.595,46.84,HISTORY_TARGET,HISTORY_TARGET,7.105,0.0,9117.07,2024-39
VST,2024-09-25,2024-09-26,Wednesday,LONG,STOCK,MOMENTUM_CONTINUATION,UP,100,74.68,3.053,1804.82,2.595,46.84,HISTORY_TARGET,HISTORY_TARGET,6.858,-0.49,9163.9,2024-39
CEG,2024-09-25,2024-09-26,Wednesday,LONG,STOCK,MOMENTUM_CONTINUATION,UP,100,74.68,3.053,1804.82,2.595,46.84,HISTORY_TARGET,HISTORY_TARGET,6.163,0.0,9210.74,2024-39
CVNA,2024-09-23,2024-09-27,Monday,LONG,STOCK,MOMENTUM_CONTINUATION,UP,99,74.68,3.053,1750.04,-0.422,-7.39,FRIDAY_EXIT,FRIDAY_EXIT,1.977,-2.689,9203.35,2024-39
VST,2024-09-30,2024-10-01,Monday,LONG,STOCK,MOMENTUM_CONTINUATION,UP,94,74.68,3.053,1840.67,2.595,47.77,HISTORY_TARGET,HISTORY_TARGET,4.038,-2.418,9251.12,2024-40
WYNN,2024-09-30,2024-10-02,Monday,LONG,STOCK,MOMENTUM_CONTINUATION,UP,100,74.68,3.053,1840.67,2.595,47.77,HISTORY_TARGET,HISTORY_TARGET,4.936,-1.457,9298.88,2024-40
LVS,2024-09-30,2024-10-02,Monday,LONG,STOCK,MOMENTUM_CONTINUATION,UP,100,74.68,3.053,1840.67,2.595,47.77,HISTORY_TARGET,HISTORY_TARGET,3.251,-1.733,9346.65,2024-40
VST,2024-10-01,2024-10-02,Tuesday,LONG,STOCK,MOMENTUM_CONTINUATION,UP,100,74.68,3.053,1850.22,2.595,48.01,HISTORY_TARGET,HISTORY_TARGET,8.11,0.0,9394.66,2024-40
EL,2024-09-30,2024-10-03,Monday,LONG,STOCK,MOMENTUM_CONTINUATION,UP,98,74.68,3.053,1840.67,-8.0,-147.25,STOP_LOSS,STOP_LOSS,0.0,-8.206,9247.41,2024-40
VST,2024-10-02,2024-10-03,Wednesday,LONG,STOCK,MOMENTUM_CONTINUATION,UP,100,74.68,3.053,1878.93,2.595,48.76,HISTORY_TARGET,HISTORY_TARGET,12.703,0.0,9296.16,2024-40
WYNN,2024-10-02,2024-10-03,Wednesday,LONG,STOCK,MOMENTUM_CONTINUATION,UP,100,74.68,3.053,1878.93,2.595,48.76,HISTORY_TARGET,HISTORY_TARGET,3.677,-0.663,9344.92,2024-40
UAL,2024-09-30,2024-10-04,Monday,LONG,STOCK,MOMENTUM_CONTINUATION,UP,99,74.68,3.053,1840.67,2.595,47.77,HISTORY_TARGET,HISTORY_TARGET,2.926,-5.385,9392.69,2024-40
LVS,2024-10-02,2024-10-04,Wednesday,LONG,STOCK,MOMENTUM_CONTINUATION,UP,100,74.68,3.053,1878.93,0.902,16.95,FRIDAY_EXIT,FRIDAY_EXIT,2.034,-2.898,9409.64,2024-40
SMCI,2024-10-07,2024-10-08,Monday,LONG,STOCK,MOMENTUM_CONTINUATION,UP,100,74.68,3.053,1881.93,2.595,48.84,HISTORY_TARGET,HISTORY_TARGET,20.636,0.0,9458.47,2024-41
GNRC,2024-10-07,2024-10-08,Monday,LONG,STOCK,MOMENTUM_CONTINUATION,UP,100,74.68,3.053,1881.93,2.595,48.84,HISTORY_TARGET,HISTORY_TARGET,5.533,0.0,9507.31,2024-41
APP,2024-10-07,2024-10-08,Monday,LONG,STOCK,MOMENTUM_CONTINUATION,UP,100,74.68,3.053,1881.93,2.595,48.84,HISTORY_TARGET,HISTORY_TARGET,3.673,0.0,9556.14,2024-41
ALB,2024-10-07,2024-10-09,Monday,LONG,STOCK,MOMENTUM_CONTINUATION,UP,100,74.68,3.053,1881.93,2.595,48.84,HISTORY_TARGET,HISTORY_TARGET,3.504,-0.931,9604.98,2024-41
HOOD,2024-10-08,2024-10-09,Tuesday,LONG,STOCK,MOMENTUM_CONTINUATION,UP,100,74.68,3.053,1911.23,2.595,49.6,HISTORY_TARGET,HISTORY_TARGET,9.459,0.0,9654.58,2024-41
CVNA,2024-10-08,2024-10-09,Tuesday,LONG,STOCK,MOMENTUM_CONTINUATION,UP,100,74.68,3.053,1911.23,2.595,49.6,HISTORY_TARGET,HISTORY_TARGET,6.237,0.0,9704.17,2024-41
COHR,2024-10-08,2024-10-09,Tuesday,LONG,STOCK,MOMENTUM_CONTINUATION,UP,100,74.68,3.053,1911.23,2.595,49.6,HISTORY_TARGET,HISTORY_TARGET,4.107,0.0,9753.77,2024-41
NCLH,2024-10-09,2024-10-10,Wednesday,LONG,STOCK,MOMENTUM_CONTINUATION,UP,100,74.68,3.053,1950.75,2.595,50.62,HISTORY_TARGET,HISTORY_TARGET,8.194,0.0,9804.39,2024-41
CCL,2024-10-09,2024-10-10,Wednesday,LONG,STOCK,MOMENTUM_CONTINUATION,UP,100,74.68,3.053,1950.75,2.595,50.62,HISTORY_TARGET,HISTORY_TARGET,7.05,0.0,9855.01,2024-41
PLTR,2024-10-09,2024-10-10,Wednesday,LONG,STOCK,MOMENTUM_CONTINUATION,UP,100,74.68,3.053,1950.75,2.595,50.62,HISTORY_TARGET,HISTORY_TARGET,5.603,0.0,9905.64,2024-41
TPL,2024-10-07,2024-10-11,Monday,LONG,STOCK,MOMENTUM_CONTINUATION,UP,100,74.68,3.053,1881.93,2.595,48.84,HISTORY_TARGET,HISTORY_TARGET,8.874,-3.152,9954.47,2024-41
HOOD,2024-10-09,2024-10-11,Wednesday,LONG,STOCK,MOMENTUM_CONTINUATION,UP,100,74.68,3.053,1950.75,2.595,50.62,HISTORY_TARGET,HISTORY_TARGET,4.551,-3.08,10005.09,2024-41
COIN,2024-10-14,2024-10-15,Monday,LONG,STOCK,MOMENTUM_CONTINUATION,UP,100,74.68,3.053,2001.02,2.595,51.93,HISTORY_TARGET,HISTORY_TARGET,13.086,0.0,10057.02,2024-42
NCLH,2024-10-14,2024-10-15,Monday,LONG,STOCK,MOMENTUM_CONTINUATION,UP,100,74.68,3.053,2001.02,2.595,51.93,HISTORY_TARGET,HISTORY_TARGET,6.036,0.0,10108.95,2024-42
VST,2024-10-14,2024-10-15,Monday,LONG,STOCK,MOMENTUM_CONTINUATION,UP,100,74.68,3.053,2001.02,2.595,51.93,HISTORY_TARGET,HISTORY_TARGET,3.921,-0.978,10160.87,2024-42
COIN,2024-10-15,2024-10-16,Tuesday,LONG,STOCK,MOMENTUM_CONTINUATION,UP,100,74.68,3.053,2032.17,2.595,52.73,HISTORY_TARGET,HISTORY_TARGET,8.555,0.0,10213.61,2024-42
CCL,2024-10-15,2024-10-16,Tuesday,LONG,STOCK,MOMENTUM_CONTINUATION,UP,100,74.68,3.053,2032.17,2.595,52.73,HISTORY_TARGET,HISTORY_TARGET,4.283,0.0,10266.34,2024-42
NCLH,2024-10-15,2024-10-16,Tuesday,LONG,STOCK,MOMENTUM_CONTINUATION,UP,100,74.68,3.053,2032.17,2.595,52.73,HISTORY_TARGET,HISTORY_TARGET,3.809,0.0,10319.08,2024-42
UAL,2024-10-16,2024-10-17,Wednesday,LONG,STOCK,MOMENTUM_CONTINUATION,UP,100,74.68,3.053,2063.82,2.595,53.56,HISTORY_TARGET,HISTORY_TARGET,14.006,0.0,10372.63,2024-42
VST,2024-10-16,2024-10-17,Wednesday,LONG,STOCK,MOMENTUM_CONTINUATION,UP,100,74.68,3.053,2063.82,2.595,53.56,HISTORY_TARGET,HISTORY_TARGET,6.685,-2.868,10426.19,2024-42
CEG,2024-10-16,2024-10-17,Wednesday,LONG,STOCK,MOMENTUM_CONTINUATION,UP,100,74.68,3.053,2063.82,2.595,53.56,HISTORY_TARGET,HISTORY_TARGET,6.256,0.0,10479.75,2024-42
TPL,2024-10-14,2024-10-18,Monday,LONG,STOCK,MOMENTUM_CONTINUATION,UP,100,74.68,3.053,2001.02,0.01,0.2,FRIDAY_EXIT,FRIDAY_EXIT,1.779,-3.362,10479.95,2024-42
HOOD,2024-10-14,2024-10-18,Monday,LONG,STOCK,MOMENTUM_CONTINUATION,UP,100,74.68,3.053,2001.02,-0.26,-5.2,FRIDAY_EXIT,FRIDAY_EXIT,1.599,-3.699,10474.74,2024-42
APP,2024-10-21,2024-10-22,Monday,LONG,STOCK,MOMENTUM_CONTINUATION,UP,97,74.68,3.053,2094.95,2.595,54.36,HISTORY_TARGET,HISTORY_TARGET,9.988,0.0,10529.11,2024-43
COIN,2024-10-21,2024-10-23,Monday,LONG,STOCK,MOMENTUM_CONTINUATION,UP,100,74.68,3.053,2094.95,-8.0,-167.6,STOP_LOSS,STOP_LOSS,0.255,-9.656,10361.51,2024-43
GM,2024-10-22,2024-10-23,Tuesday,LONG,STOCK,MOMENTUM_CONTINUATION,UP,100,74.68,3.053,2105.82,2.595,54.65,HISTORY_TARGET,HISTORY_TARGET,8.337,0.0,10416.16,2024-43
UAL,2024-10-21,2024-10-24,Monday,LONG,STOCK,MOMENTUM_CONTINUATION,UP,100,74.68,3.053,2094.95,2.595,54.36,HISTORY_TARGET,HISTORY_TARGET,2.949,-0.928,10470.52,2024-43
NTRS,2024-10-23,2024-10-24,Wednesday,LONG,STOCK,MOMENTUM_CONTINUATION,UP,87,74.68,3.053,2083.23,2.595,54.06,HISTORY_TARGET,HISTORY_TARGET,2.803,0.0,10524.58,2024-43
SNA,2024-10-21,2024-10-25,Monday,LONG,STOCK,MOMENTUM_CONTINUATION,UP,88,74.68,3.053,2094.95,0.437,9.15,FRIDAY_EXIT,FRIDAY_EXIT,1.006,-1.196,10533.74,2024-43
NFLX,2024-10-21,2024-10-25,Monday,LONG,STOCK,MOMENTUM_CONTINUATION,UP,88,74.68,3.053,2094.95,-1.447,-30.31,FRIDAY_EXIT,FRIDAY_EXIT,0.515,-2.808,10503.42,2024-43
GM,2024-10-23,2024-10-25,Wednesday,LONG,STOCK,MOMENTUM_CONTINUATION,UP,86,74.68,3.053,2048.08,-3.663,-75.02,FRIDAY_EXIT,FRIDAY_EXIT,0.463,-3.959,10428.4,2024-43
CVNA,2024-10-28,2024-10-30,Monday,LONG,STOCK,MOMENTUM_CONTINUATION,UP,90,74.68,3.053,2085.68,2.595,54.12,HISTORY_TARGET,HISTORY_TARGET,4.177,-1.315,10482.52,2024-44
RJF,2024-10-28,2024-10-30,Monday,LONG,STOCK,MOMENTUM_CONTINUATION,UP,86,74.68,3.053,2085.68,2.595,54.12,HISTORY_TARGET,HISTORY_TARGET,3.129,0.0,10536.65,2024-44
GRMN,2024-10-30,2024-10-31,Wednesday,LONG,STOCK,MOMENTUM_CONTINUATION,UP,100,74.68,3.053,2107.33,2.595,54.69,HISTORY_TARGET,HISTORY_TARGET,10.048,0.0,10591.33,2024-44
UAL,2024-10-30,2024-10-31,Wednesday,LONG,STOCK,MOMENTUM_CONTINUATION,UP,100,74.68,3.053,2107.33,2.595,54.69,HISTORY_TARGET,HISTORY_TARGET,5.713,0.0,10646.02,2024-44
TSLA,2024-10-28,2024-11-01,Monday,LONG,STOCK,MOMENTUM_CONTINUATION,UP,100,74.68,3.053,2085.68,-8.0,-166.85,STOP_LOSS,STOP_LOSS,0.0,-8.656,10479.16,2024-44
TPR,2024-10-28,2024-11-01,Monday,LONG,STOCK,MOMENTUM_CONTINUATION,UP,98,74.68,3.053,2085.68,-8.0,-166.85,STOP_LOSS,STOP_LOSS,0.0,-8.006,10312.31,2024-44
GM,2024-10-28,2024-11-01,Monday,LONG,STOCK,MOMENTUM_CONTINUATION,UP,89,74.68,3.053,2085.68,-2.469,-51.5,FRIDAY_EXIT,FRIDAY_EXIT,0.919,-2.89,10260.81,2024-44
CVNA,2024-11-04,2024-11-05,Monday,LONG,STOCK,MOMENTUM_CONTINUATION,UP,100,74.68,3.053,2052.16,2.595,53.25,HISTORY_TARGET,HISTORY_TARGET,4.358,0.0,10314.07,2024-45
GRMN,2024-11-04,2024-11-05,Monday,LONG,STOCK,MOMENTUM_CONTINUATION,UP,100,74.68,3.053,2052.16,2.595,53.25,HISTORY_TARGET,HISTORY_TARGET,3.943,0.0,10367.32,2024-45
IP,2024-11-04,2024-11-05,Monday,LONG,STOCK,MOMENTUM_CONTINUATION,UP,100,74.68,3.053,2052.16,2.595,53.25,HISTORY_TARGET,HISTORY_TARGET,3.122,0.0,10420.57,2024-45
CHTR,2024-11-04,2024-11-06,Monday,LONG,STOCK,MOMENTUM_CONTINUATION,UP,100,74.68,3.053,2052.16,2.595,53.25,HISTORY_TARGET,HISTORY_TARGET,9.759,-0.647,10473.83,2024-45
PLTR,2024-11-05,2024-11-06,Tuesday,LONG,STOCK,MOMENTUM_CONTINUATION,UP,100,74.68,3.053,2084.11,2.595,54.08,HISTORY_TARGET,HISTORY_TARGET,16.36,0.0,10527.91,2024-45
CVNA,2024-11-05,2024-11-06,Tuesday,LONG,STOCK,MOMENTUM_CONTINUATION,UP,100,74.68,3.053,2084.11,2.595,54.08,HISTORY_TARGET,HISTORY_TARGET,6.061,0.0,10581.99,2024-45
GRMN,2024-11-05,2024-11-06,Tuesday,LONG,STOCK,MOMENTUM_CONTINUATION,UP,100,74.68,3.053,2084.11,2.595,54.08,HISTORY_TARGET,HISTORY_TARGET,4.913,0.0,10636.08,2024-45
COIN,2024-11-06,2024-11-07,Wednesday,LONG,STOCK,MOMENTUM_CONTINUATION,UP,100,74.68,3.053,2127.22,2.595,55.2,HISTORY_TARGET,HISTORY_TARGET,17.252,0.0,10691.28,2024-45
TRMB,2024-11-06,2024-11-07,Wednesday,LONG,STOCK,MOMENTUM_CONTINUATION,UP,100,74.68,3.053,2127.22,2.595,55.2,HISTORY_TARGET,HISTORY_TARGET,12.429,0.0,10746.48,2024-45
PLTR,2024-11-06,2024-11-07,Wednesday,LONG,STOCK,MOMENTUM_CONTINUATION,UP,100,74.68,3.053,2127.22,2.595,55.2,HISTORY_TARGET,HISTORY_TARGET,5.67,0.0,10801.68,2024-45
WAT,2024-11-04,2024-11-08,Monday,LONG,STOCK,MOMENTUM_CONTINUATION,UP,100,74.68,3.053,2052.16,-0.643,-13.2,FRIDAY_EXIT,FRIDAY_EXIT,1.649,-3.354,10788.48,2024-45
TPL,2024-11-06,2024-11-08,Wednesday,LONG,STOCK,MOMENTUM_CONTINUATION,UP,100,74.68,3.053,2127.22,2.595,55.2,HISTORY_TARGET,HISTORY_TARGET,8.467,-4.818,10843.69,2024-45
COIN,2024-11-11,2024-11-12,Monday,LONG,STOCK,MOMENTUM_CONTINUATION,UP,100,74.68,3.053,2168.74,2.595,56.28,HISTORY_TARGET,HISTORY_TARGET,8.887,0.0,10899.96,2024-46
FTNT,2024-11-11,2024-11-12,Monday,LONG,STOCK,MOMENTUM_CONTINUATION,UP,100,74.68,3.053,2168.74,2.595,56.28,HISTORY_TARGET,HISTORY_TARGET,7.672,0.0,10956.24,2024-46
EPAM,2024-11-11,2024-11-12,Monday,LONG,STOCK,MOMENTUM_CONTINUATION,UP,100,74.68,3.053,2168.74,2.595,56.28,HISTORY_TARGET,HISTORY_TARGET,4.535,0.0,11012.52,2024-46
PLTR,2024-11-11,2024-11-13,Monday,LONG,STOCK,MOMENTUM_CONTINUATION,UP,100,74.68,3.053,2168.74,2.595,56.28,HISTORY_TARGET,HISTORY_TARGET,5.416,-2.599,11068.8,2024-46
UAL,2024-11-11,2024-11-13,Monday,LONG,STOCK,MOMENTUM_CONTINUATION,UP,100,74.68,3.053,2168.74,2.595,56.28,HISTORY_TARGET,HISTORY_TARGET,5.031,-0.911,11125.08,2024-46
XYZ,2024-11-12,2024-11-13,Tuesday,LONG,STOCK,MOMENTUM_CONTINUATION,UP,100,74.68,3.053,2202.5,2.595,57.15,HISTORY_TARGET,HISTORY_TARGET,8.88,0.0,11182.23,2024-46
COIN,2024-11-12,2024-11-13,Tuesday,LONG,STOCK,MOMENTUM_CONTINUATION,UP,100,74.68,3.053,2202.5,-8.0,-176.2,STOP_LOSS,STOP_LOSS,7.192,-8.834,11006.03,2024-46
FTNT,2024-11-12,2024-11-13,Tuesday,LONG,STOCK,MOMENTUM_CONTINUATION,UP,100,74.68,3.053,2202.5,2.595,57.15,HISTORY_TARGET,HISTORY_TARGET,3.53,0.0,11063.19,2024-46
WBD,2024-11-13,2024-11-14,Wednesday,LONG,STOCK,MOMENTUM_CONTINUATION,UP,100,74.68,3.053,2212.64,2.595,57.42,HISTORY_TARGET,HISTORY_TARGET,5.964,0.0,11120.61,2024-46
COIN,2024-11-13,2024-11-14,Wednesday,LONG,STOCK,MOMENTUM_CONTINUATION,UP,100,74.68,3.053,2212.64,-8.0,-177.01,STOP_LOSS,STOP_LOSS,0.0,-15.603,10943.6,2024-46
PLTR,2024-11-13,2024-11-15,Wednesday,LONG,STOCK,MOMENTUM_CONTINUATION,UP,100,74.68,3.053,2212.64,2.595,57.42,HISTORY_TARGET,HISTORY_TARGET,7.282,-4.86,11001.01,2024-46
LITE,2024-11-13,2024-11-15,Wednesday,LONG,STOCK,MOMENTUM_CONTINUATION,UP,100,74.68,3.053,2212.64,-8.0,-177.01,STOP_LOSS,STOP_LOSS,1.939,-8.284,10824.0,2024-46
FTNT,2024-11-13,2024-11-15,Wednesday,LONG,STOCK,MOMENTUM_CONTINUATION,UP,100,74.68,3.053,2212.64,-3.927,-86.89,FRIDAY_EXIT,FRIDAY_EXIT,0.0,-5.426,10737.11,2024-46
XYZ,2024-11-18,2024-11-19,Monday,LONG,STOCK,MOMENTUM_CONTINUATION,UP,100,74.68,3.053,2147.42,2.595,55.73,HISTORY_TARGET,HISTORY_TARGET,11.032,0.0,10792.84,2024-47
APP,2024-11-18,2024-11-19,Monday,LONG,STOCK,MOMENTUM_CONTINUATION,UP,100,74.68,3.053,2147.42,2.595,55.73,HISTORY_TARGET,HISTORY_TARGET,10.403,0.0,10848.56,2024-47
HOOD,2024-11-18,2024-11-19,Monday,LONG,STOCK,MOMENTUM_CONTINUATION,UP,100,74.68,3.053,2147.42,2.595,55.73,HISTORY_TARGET,HISTORY_TARGET,9.695,0.0,10904.29,2024-47
COIN,2024-11-18,2024-11-19,Monday,LONG,STOCK,MOMENTUM_CONTINUATION,UP,100,74.68,3.053,2147.42,2.595,55.73,HISTORY_TARGET,HISTORY_TARGET,8.419,0.0,10960.02,2024-47
APP,2024-11-19,2024-11-20,Tuesday,LONG,STOCK,MOMENTUM_CONTINUATION,UP,100,74.68,3.053,2192.0,2.595,56.88,HISTORY_TARGET,HISTORY_TARGET,15.994,0.0,11016.9,2024-47
VRT,2024-11-19,2024-11-20,Tuesday,LONG,STOCK,MOMENTUM_CONTINUATION,UP,100,74.68,3.053,2192.0,2.595,56.88,HISTORY_TARGET,HISTORY_TARGET,14.665,0.0,11073.78,2024-47
HOOD,2024-11-19,2024-11-20,Tuesday,LONG,STOCK,MOMENTUM_CONTINUATION,UP,100,74.68,3.053,2192.0,2.595,56.88,HISTORY_TARGET,HISTORY_TARGET,10.272,0.0,11130.66,2024-47
COIN,2024-11-19,2024-11-20,Tuesday,LONG,STOCK,MOMENTUM_CONTINUATION,UP,100,74.68,3.053,2192.0,2.595,56.88,HISTORY_TARGET,HISTORY_TARGET,6.107,-5.676,11187.55,2024-47
EQT,2024-11-20,2024-11-21,Wednesday,LONG,STOCK,MOMENTUM_CONTINUATION,UP,100,74.68,3.053,2237.51,2.595,58.06,HISTORY_TARGET,HISTORY_TARGET,6.782,0.0,11245.61,2024-47
VRT,2024-11-20,2024-11-21,Wednesday,LONG,STOCK,MOMENTUM_CONTINUATION,UP,100,74.68,3.053,2237.51,2.595,58.06,HISTORY_TARGET,HISTORY_TARGET,3.606,-2.361,11303.67,2024-47
WSM,2024-11-20,2024-11-21,Wednesday,LONG,STOCK,MOMENTUM_CONTINUATION,UP,100,74.68,3.053,2237.51,2.595,58.06,HISTORY_TARGET,HISTORY_TARGET,2.604,-1.523,11361.74,2024-47
TPR,2024-11-18,2024-11-22,Monday,LONG,STOCK,MOMENTUM_CONTINUATION,UP,100,74.68,3.053,2147.42,2.595,55.73,HISTORY_TARGET,HISTORY_TARGET,5.07,-3.221,11417.46,2024-47
TSLA,2024-11-20,2024-11-22,Wednesday,LONG,STOCK,MOMENTUM_CONTINUATION,UP,100,74.68,3.053,2237.51,2.595,58.06,HISTORY_TARGET,HISTORY_TARGET,4.791,-2.817,11475.52,2024-47
SMCI,2024-11-25,2024-11-26,Monday,LONG,STOCK,MOMENTUM_CONTINUATION,UP,100,74.68,3.053,2295.1,2.595,59.56,HISTORY_TARGET,HISTORY_TARGET,4.552,-5.551,11535.08,2024-48
DE,2024-11-25,2024-11-26,Monday,LONG,STOCK,MOMENTUM_CONTINUATION,UP,100,74.68,3.053,2295.1,2.595,59.56,HISTORY_TARGET,HISTORY_TARGET,3.424,0.0,11594.64,2024-48
FIX,2024-11-25,2024-11-26,Monday,LONG,STOCK,MOMENTUM_CONTINUATION,UP,100,74.68,3.053,2295.1,2.595,59.56,HISTORY_TARGET,HISTORY_TARGET,2.868,-1.293,11654.2,2024-48
WAT,2024-11-26,2024-11-27,Tuesday,LONG,STOCK,MOMENTUM_CONTINUATION,UP,100,74.68,3.053,2330.84,2.595,60.49,HISTORY_TARGET,HISTORY_TARGET,4.958,0.0,11714.68,2024-48
WBD,2024-11-25,2024-11-29,Monday,LONG,STOCK,MOMENTUM_CONTINUATION,UP,100,74.68,3.053,2295.1,2.595,59.56,HISTORY_TARGET,HISTORY_TARGET,2.938,-1.371,11774.24,2024-48
AXON,2024-11-25,2024-11-29,Monday,LONG,STOCK,MOMENTUM_CONTINUATION,UP,100,74.68,3.053,2295.1,1.16,26.62,FRIDAY_EXIT,FRIDAY_EXIT,1.984,-2.865,11800.86,2024-48
TPL,2024-11-26,2024-11-29,Tuesday,LONG,STOCK,MOMENTUM_CONTINUATION,UP,100,74.68,3.053,2330.84,2.595,60.49,HISTORY_TARGET,HISTORY_TARGET,4.812,-4.798,11861.35,2024-48
TPR,2024-11-26,2024-11-29,Tuesday,LONG,STOCK,MOMENTUM_CONTINUATION,UP,100,74.68,3.053,2330.84,2.595,60.49,HISTORY_TARGET,HISTORY_TARGET,3.247,-0.363,11921.84,2024-48
APP,2024-11-27,2024-11-29,Wednesday,LONG,STOCK,MOMENTUM_CONTINUATION,UP,100,74.68,3.053,2342.94,2.595,60.8,HISTORY_TARGET,HISTORY_TARGET,5.719,0.0,11982.63,2024-48
SMCI,2024-12-02,2024-12-03,Monday,LONG,STOCK,MOMENTUM_CONTINUATION,UP,100,74.68,3.053,2396.53,2.595,62.19,HISTORY_TARGET,HISTORY_TARGET,21.731,0.0,12044.82,2024-49
APP,2024-12-02,2024-12-03,Monday,LONG,STOCK,MOMENTUM_CONTINUATION,UP,100,74.68,3.053,2396.53,2.595,62.19,HISTORY_TARGET,HISTORY_TARGET,10.955,0.0,12107.01,2024-49
PLTR,2024-12-02,2024-12-03,Monday,LONG,STOCK,MOMENTUM_CONTINUATION,UP,100,74.68,3.053,2396.53,2.595,62.19,HISTORY_TARGET,HISTORY_TARGET,5.827,-1.913,12169.2,2024-49
TPR,2024-12-02,2024-12-03,Monday,LONG,STOCK,MOMENTUM_CONTINUATION,UP,100,74.68,3.053,2396.53,2.595,62.19,HISTORY_TARGET,HISTORY_TARGET,4.13,0.0,12231.39,2024-49
HOOD,2024-12-02,2024-12-04,Monday,LONG,STOCK,MOMENTUM_CONTINUATION,UP,100,74.68,3.053,2396.53,2.595,62.19,HISTORY_TARGET,HISTORY_TARGET,6.974,-3.467,12293.58,2024-49
APP,2024-12-03,2024-12-04,Tuesday,LONG,STOCK,MOMENTUM_CONTINUATION,UP,100,74.68,3.053,2446.28,2.595,63.48,HISTORY_TARGET,HISTORY_TARGET,13.757,0.0,12357.06,2024-49
PLTR,2024-12-03,2024-12-04,Tuesday,LONG,STOCK,MOMENTUM_CONTINUATION,UP,100,74.68,3.053,2446.28,2.595,63.48,HISTORY_TARGET,HISTORY_TARGET,7.183,0.0,12420.55,2024-49
AXON,2024-12-03,2024-12-04,Tuesday,LONG,STOCK,MOMENTUM_CONTINUATION,UP,100,74.68,3.053,2446.28,2.595,63.48,HISTORY_TARGET,HISTORY_TARGET,5.602,0.0,12484.03,2024-49
SMCI,2024-12-03,2024-12-04,Tuesday,LONG,STOCK,MOMENTUM_CONTINUATION,UP,100,74.68,3.053,2446.28,-8.0,-195.7,STOP_LOSS,STOP_LOSS,0.0,-11.031,12288.32,2024-49
COIN,2024-12-04,2024-12-05,Wednesday,LONG,STOCK,MOMENTUM_CONTINUATION,UP,100,74.68,3.053,2457.66,2.595,63.78,HISTORY_TARGET,HISTORY_TARGET,12.016,0.0,12352.1,2024-49
HOOD,2024-12-04,2024-12-05,Wednesday,LONG,STOCK,MOMENTUM_CONTINUATION,UP,100,74.68,3.053,2457.66,2.595,63.78,HISTORY_TARGET,HISTORY_TARGET,7.034,-2.904,12415.88,2024-49
SMCI,2024-12-04,2024-12-05,Wednesday,LONG,STOCK,MOMENTUM_CONTINUATION,UP,100,74.68,3.053,2457.66,2.595,63.78,HISTORY_TARGET,HISTORY_TARGET,6.675,0.0,12479.65,2024-49
APP,2024-12-04,2024-12-05,Wednesday,LONG,STOCK,MOMENTUM_CONTINUATION,UP,100,74.68,3.053,2457.66,2.595,63.78,HISTORY_TARGET,HISTORY_TARGET,6.56,-0.71,12543.43,2024-49
LITE,2024-12-04,2024-12-05,Wednesday,LONG,STOCK,MOMENTUM_CONTINUATION,UP,100,74.68,3.053,2457.66,2.595,63.78,HISTORY_TARGET,HISTORY_TARGET,5.889,0.0,12607.21,2024-49
HSY,2024-12-09,2024-12-10,Monday,LONG,STOCK,MOMENTUM_CONTINUATION,UP,100,74.68,3.053,2521.44,2.595,65.43,HISTORY_TARGET,HISTORY_TARGET,13.082,0.0,12672.64,2024-50
SMCI,2024-12-09,2024-12-10,Monday,LONG,STOCK,MOMENTUM_CONTINUATION,UP,100,74.68,3.053,2521.44,-8.0,-201.72,STOP_LOSS,STOP_LOSS,0.0,-17.025,12470.92,2024-50
PLTR,2024-12-09,2024-12-10,Monday,LONG,STOCK,MOMENTUM_CONTINUATION,UP,100,74.68,3.053,2521.44,-8.0,-201.72,STOP_LOSS,STOP_LOSS,0.0,-12.224,12269.21,2024-50
TSLA,2024-12-10,2024-12-11,Tuesday,LONG,STOCK,MOMENTUM_CONTINUATION,UP,100,74.68,3.053,2453.84,2.595,63.68,HISTORY_TARGET,HISTORY_TARGET,8.2,0.0,12332.88,2024-50
SMCI,2024-12-10,2024-12-11,Tuesday,LONG,STOCK,MOMENTUM_CONTINUATION,UP,100,74.68,3.053,2453.84,-8.0,-196.31,STOP_LOSS,STOP_LOSS,0.0,-16.87,12136.58,2024-50
GOOGL,2024-12-10,2024-12-11,Tuesday,LONG,STOCK,MOMENTUM_CONTINUATION,UP,83,74.68,3.053,2318.64,2.595,60.17,HISTORY_TARGET,HISTORY_TARGET,6.978,0.0,12196.75,2024-50
TSLA,2024-12-11,2024-12-12,Wednesday,LONG,STOCK,MOMENTUM_CONTINUATION,UP,100,74.68,3.053,2439.35,2.595,63.3,HISTORY_TARGET,HISTORY_TARGET,4.784,0.0,12260.05,2024-50
GOOGL,2024-12-11,2024-12-12,Wednesday,LONG,STOCK,MOMENTUM_CONTINUATION,UP,99,74.68,3.053,2439.35,2.595,63.3,HISTORY_TARGET,HISTORY_TARGET,5.326,0.0,12323.35,2024-50
WSM,2024-12-09,2024-12-13,Monday,LONG,STOCK,MOMENTUM_CONTINUATION,UP,100,74.68,3.053,2521.44,2.595,65.43,HISTORY_TARGET,HISTORY_TARGET,5.093,-1.719,12388.78,2024-50
LULU,2024-12-09,2024-12-13,Monday,LONG,STOCK,MOMENTUM_CONTINUATION,UP,100,74.68,3.053,2521.44,0.5,12.61,PROFIT_PROTECTION_PROXY,FRIDAY_EXIT,2.225,-3.431,12401.39,2024-50
BF-B,2024-12-11,2024-12-13,Wednesday,LONG,STOCK,MOMENTUM_CONTINUATION,UP,88,74.68,3.053,2275.16,-0.619,-14.08,FRIDAY_EXIT,FRIDAY_EXIT,0.508,-1.9,12387.3,2024-50
TSLA,2024-12-16,2024-12-17,Monday,LONG,STOCK,MOMENTUM_CONTINUATION,UP,100,74.68,3.053,2477.46,2.595,64.29,HISTORY_TARGET,HISTORY_TARGET,9.726,0.0,12451.59,2024-51
AVGO,2024-12-16,2024-12-17,Monday,LONG,STOCK,MOMENTUM_CONTINUATION,UP,100,74.68,3.053,2477.46,2.595,64.29,HISTORY_TARGET,HISTORY_TARGET,4.608,0.0,12515.88,2024-51
BA,2024-12-16,2024-12-17,Monday,LONG,STOCK,MOMENTUM_CONTINUATION,UP,100,74.68,3.053,2477.46,2.595,64.29,HISTORY_TARGET,HISTORY_TARGET,4.581,0.0,12580.17,2024-51
HOOD,2024-12-16,2024-12-17,Monday,LONG,STOCK,MOMENTUM_CONTINUATION,UP,100,74.68,3.053,2477.46,2.595,64.29,HISTORY_TARGET,HISTORY_TARGET,3.145,-1.658,12644.46,2024-51
TER,2024-12-16,2024-12-18,Monday,LONG,STOCK,MOMENTUM_CONTINUATION,UP,100,74.68,3.053,2477.46,2.595,64.29,HISTORY_TARGET,HISTORY_TARGET,4.237,-3.893,12708.75,2024-51
TSLA,2024-12-17,2024-12-18,Tuesday,LONG,STOCK,MOMENTUM_CONTINUATION,UP,100,74.68,3.053,2528.89,-8.0,-202.31,STOP_LOSS,STOP_LOSS,2.656,-10.273,12506.44,2024-51
AVGO,2024-12-17,2024-12-18,Tuesday,LONG,STOCK,MOMENTUM_CONTINUATION,UP,100,74.68,3.053,2528.89,-8.0,-202.31,STOP_LOSS,STOP_LOSS,0.0,-8.905,12304.13,2024-51
HOOD,2024-12-17,2024-12-18,Tuesday,LONG,STOCK,MOMENTUM_CONTINUATION,UP,100,74.68,3.053,2528.89,-8.0,-202.31,STOP_LOSS,STOP_LOSS,0.0,-13.401,12101.82,2024-51
AVGO,2024-12-18,2024-12-19,Wednesday,LONG,STOCK,MOMENTUM_CONTINUATION,UP,100,74.68,3.053,2420.36,-8.0,-193.63,STOP_LOSS,STOP_LOSS,0.0,-9.118,11908.19,2024-51
TSLA,2024-12-18,2024-12-19,Wednesday,LONG,STOCK,MOMENTUM_CONTINUATION,UP,97,74.68,3.053,2420.36,-8.0,-193.63,STOP_LOSS,STOP_LOSS,0.0,-9.964,11714.56,2024-51
WSM,2024-12-17,2024-12-20,Tuesday,LONG,STOCK,MOMENTUM_CONTINUATION,UP,100,74.68,3.053,2528.89,-8.0,-202.31,STOP_LOSS,STOP_LOSS,1.74,-8.583,11512.25,2024-51
JBL,2024-12-18,2024-12-20,Wednesday,LONG,STOCK,MOMENTUM_CONTINUATION,UP,100,74.68,3.053,2420.36,-2.139,-51.77,FRIDAY_EXIT,FRIDAY_EXIT,0.0,-7.012,11460.48,2024-51
FOXA,2024-12-18,2024-12-20,Wednesday,LONG,STOCK,MOMENTUM_CONTINUATION,UP,87,74.68,3.053,2311.84,0.142,3.28,FRIDAY_EXIT,FRIDAY_EXIT,0.344,-2.507,11463.76,2024-51
PLTR,2024-12-23,2024-12-24,Monday,LONG,STOCK,MOMENTUM_CONTINUATION,UP,95,74.68,3.053,2292.75,2.595,59.5,HISTORY_TARGET,HISTORY_TARGET,5.142,0.0,11523.26,2024-52
ULTA,2024-12-23,2024-12-26,Monday,LONG,STOCK,MOMENTUM_CONTINUATION,UP,81,74.68,3.053,2292.75,2.595,59.5,HISTORY_TARGET,HISTORY_TARGET,3.832,-1.142,11582.75,2024-52
DLTR,2024-12-23,2024-12-26,Monday,LONG,STOCK,MOMENTUM_CONTINUATION,UP,76,74.68,3.053,2292.75,2.595,59.5,HISTORY_TARGET,HISTORY_TARGET,4.909,0.0,11642.25,2024-52
PLTR,2024-12-24,2024-12-26,Tuesday,LONG,STOCK,MOMENTUM_CONTINUATION,UP,100,74.68,3.053,2304.65,2.595,59.81,HISTORY_TARGET,HISTORY_TARGET,2.96,0.0,11702.06,2024-52
DRI,2024-12-23,2024-12-27,Monday,LONG,STOCK,MOMENTUM_CONTINUATION,UP,90,74.68,3.053,2292.75,-0.197,-4.52,FRIDAY_EXIT,FRIDAY_EXIT,0.654,-2.453,11697.54,2024-52
JBL,2024-12-23,2024-12-27,Monday,LONG,STOCK,MOMENTUM_CONTINUATION,UP,82,74.68,3.053,2292.75,0.524,12.01,FRIDAY_EXIT,FRIDAY_EXIT,2.397,-0.689,11709.55,2024-52
EQT,2024-12-30,2025-01-02,Monday,LONG,STOCK,MOMENTUM_CONTINUATION,UP,80,74.68,3.053,2341.91,2.595,60.77,HISTORY_TARGET,HISTORY_TARGET,2.675,-0.949,11770.33,2025-01
VRSN,2024-12-30,2025-01-02,Monday,LONG,STOCK,MOMENTUM_CONTINUATION,UP,75,74.68,3.053,2341.91,2.595,60.77,HISTORY_TARGET,HISTORY_TARGET,2.812,0.0,11831.1,2025-01
WSM,2024-12-30,2025-01-02,Monday,LONG,STOCK,MOMENTUM_CONTINUATION,UP,70,74.68,3.053,2341.91,2.595,60.77,HISTORY_TARGET,HISTORY_TARGET,2.731,-0.391,11891.87,2025-01
AVGO,2024-12-30,2025-01-03,Monday,LONG,STOCK,MOMENTUM_CONTINUATION,UP,100,74.68,3.053,2341.91,0.5,11.71,PROFIT_PROTECTION_PROXY,FRIDAY_EXIT,2.045,-2.429,11903.58,2025-01
LULU,2024-12-30,2025-01-03,Monday,LONG,STOCK,MOMENTUM_CONTINUATION,UP,74,74.68,3.053,2341.91,-0.487,-11.41,FRIDAY_EXIT,FRIDAY_EXIT,1.666,-2.25,11892.18,2025-01
TER,2025-01-06,2025-01-07,Monday,LONG,STOCK,MOMENTUM_CONTINUATION,UP,100,74.68,3.053,2378.44,2.595,61.72,HISTORY_TARGET,HISTORY_TARGET,6.36,0.0,11953.9,2025-02
CEG,2025-01-06,2025-01-07,Monday,LONG,STOCK,MOMENTUM_CONTINUATION,UP,100,74.68,3.053,2378.44,2.595,61.72,HISTORY_TARGET,HISTORY_TARGET,2.947,-3.226,12015.62,2025-02
VRT,2025-01-06,2025-01-07,Monday,LONG,STOCK,MOMENTUM_CONTINUATION,UP,97,74.68,3.053,2378.44,2.595,61.72,HISTORY_TARGET,HISTORY_TARGET,3.069,-4.029,12077.34,2025-02
MRNA,2025-01-07,2025-01-08,Tuesday,LONG,STOCK,MOMENTUM_CONTINUATION,UP,100,74.68,3.053,2415.47,2.595,62.68,HISTORY_TARGET,HISTORY_TARGET,8.656,-2.027,12140.02,2025-02
VST,2025-01-06,2025-01-10,Monday,LONG,STOCK,MOMENTUM_CONTINUATION,UP,99,74.68,3.053,2378.44,0.951,22.62,FRIDAY_EXIT,FRIDAY_EXIT,2.44,-7.599,12162.64,2025-02
GEV,2025-01-06,2025-01-10,Monday,LONG,STOCK,MOMENTUM_CONTINUATION,UP,88,74.68,3.053,2378.44,-0.717,-17.05,FRIDAY_EXIT,FRIDAY_EXIT,1.317,-5.828,12145.59,2025-02
MU,2025-01-07,2025-01-10,Tuesday,LONG,STOCK,MOMENTUM_CONTINUATION,UP,100,74.68,3.053,2415.47,-3.936,-95.07,FRIDAY_EXIT,FRIDAY_EXIT,0.068,-6.324,12050.51,2025-02
TER,2025-01-07,2025-01-10,Tuesday,LONG,STOCK,MOMENTUM_CONTINUATION,UP,95,74.68,3.053,2415.47,-5.026,-121.4,FRIDAY_EXIT,FRIDAY_EXIT,0.0,-6.279,11929.11,2025-02
EBAY,2025-01-08,2025-01-10,Wednesday,LONG,STOCK,MOMENTUM_CONTINUATION,UP,100,74.68,3.053,2428.0,-2.946,-71.53,FRIDAY_EXIT,FRIDAY_EXIT,1.811,-3.019,11857.58,2025-02
CF,2025-01-13,2025-01-14,Monday,LONG,STOCK,MOMENTUM_CONTINUATION,UP,84,74.68,3.053,2371.52,2.595,61.54,HISTORY_TARGET,HISTORY_TARGET,5.338,0.0,11919.12,2025-03
UAL,2025-01-13,2025-01-14,Monday,LONG,STOCK,MOMENTUM_CONTINUATION,UP,83,74.68,3.053,2371.52,2.595,61.54,HISTORY_TARGET,HISTORY_TARGET,3.503,0.0,11980.66,2025-03
RVTY,2025-01-13,2025-01-14,Monday,LONG,STOCK,MOMENTUM_CONTINUATION,UP,81,74.68,3.053,2371.52,2.595,61.54,HISTORY_TARGET,HISTORY_TARGET,3.912,0.0,12042.2,2025-03
UAL,2025-01-14,2025-01-15,Tuesday,LONG,STOCK,MOMENTUM_CONTINUATION,UP,89,74.68,3.053,2408.44,2.595,62.5,HISTORY_TARGET,HISTORY_TARGET,2.666,-2.321,12104.7,2025-03
VST,2025-01-14,2025-01-15,Tuesday,LONG,STOCK,MOMENTUM_CONTINUATION,UP,84,74.68,3.053,2408.44,2.595,62.5,HISTORY_TARGET,HISTORY_TARGET,6.839,0.0,12167.2,2025-03
CEG,2025-01-13,2025-01-16,Monday,LONG,STOCK,MOMENTUM_CONTINUATION,UP,100,74.68,3.053,2371.52,2.595,61.54,HISTORY_TARGET,HISTORY_TARGET,7.736,-5.41,12228.74,2025-03
HOOD,2025-01-15,2025-01-16,Wednesday,LONG,STOCK,MOMENTUM_CONTINUATION,UP,100,74.68,3.053,2433.44,2.595,63.15,HISTORY_TARGET,HISTORY_TARGET,6.501,0.0,12291.89,2025-03
C,2025-01-15,2025-01-16,Wednesday,LONG,STOCK,MOMENTUM_CONTINUATION,UP,96,74.68,3.053,2433.44,2.595,63.15,HISTORY_TARGET,HISTORY_TARGET,3.36,0.0,12355.04,2025-03
DAL,2025-01-13,2025-01-17,Monday,LONG,STOCK,MOMENTUM_CONTINUATION,UP,84,74.68,3.053,2371.52,-0.739,-17.53,FRIDAY_EXIT,FRIDAY_EXIT,1.463,-2.217,12337.51,2025-03
CVS,2025-01-14,2025-01-17,Tuesday,LONG,STOCK,MOMENTUM_CONTINUATION,UP,82,74.68,3.053,2408.44,2.595,62.5,HISTORY_TARGET,HISTORY_TARGET,2.699,-1.689,12400.01,2025-03
VST,2025-01-21,2025-01-22,Tuesday,LONG,STOCK,MOMENTUM_CONTINUATION,UP,100,74.68,3.053,2480.0,2.595,64.36,HISTORY_TARGET,HISTORY_TARGET,8.572,0.0,12464.37,2025-04
NRG,2025-01-21,2025-01-22,Tuesday,LONG,STOCK,MOMENTUM_CONTINUATION,UP,100,74.68,3.053,2480.0,2.595,64.36,HISTORY_TARGET,HISTORY_TARGET,7.701,0.0,12528.72,2025-04
FIX,2025-01-21,2025-01-22,Tuesday,LONG,STOCK,MOMENTUM_CONTINUATION,UP,100,74.68,3.053,2480.0,2.595,64.36,HISTORY_TARGET,HISTORY_TARGET,7.396,0.0,12593.08,2025-04
GEV,2025-01-21,2025-01-22,Tuesday,LONG,STOCK,MOMENTUM_CONTINUATION,UP,100,74.68,3.053,2480.0,2.595,64.36,HISTORY_TARGET,HISTORY_TARGET,7.185,0.0,12657.44,2025-04
SATS,2025-01-21,2025-01-23,Tuesday,LONG,STOCK,MOMENTUM_CONTINUATION,UP,100,74.68,3.053,2480.0,2.595,64.36,HISTORY_TARGET,HISTORY_TARGET,4.57,-1.024,12721.79,2025-04
CEG,2025-01-22,2025-01-23,Wednesday,LONG,STOCK,MOMENTUM_CONTINUATION,UP,100,74.68,3.053,2531.49,2.595,65.69,HISTORY_TARGET,HISTORY_TARGET,6.991,0.0,12787.49,2025-04
VRT,2025-01-22,2025-01-23,Wednesday,LONG,STOCK,MOMENTUM_CONTINUATION,UP,100,74.68,3.053,2531.49,2.595,65.69,HISTORY_TARGET,HISTORY_TARGET,3.451,-2.352,12853.18,2025-04
IBKR,2025-01-22,2025-01-23,Wednesday,LONG,STOCK,MOMENTUM_CONTINUATION,UP,100,74.68,3.053,2531.49,2.595,65.69,HISTORY_TARGET,HISTORY_TARGET,2.821,-1.454,12918.87,2025-04
FIX,2025-01-22,2025-01-24,Wednesday,LONG,STOCK,MOMENTUM_CONTINUATION,UP,100,74.68,3.053,2531.49,0.579,14.66,FRIDAY_EXIT,FRIDAY_EXIT,1.95,-1.553,12933.53,2025-04
MRNA,2025-01-27,2025-01-28,Monday,LONG,STOCK,MOMENTUM_CONTINUATION,UP,100,74.68,3.053,2586.71,2.595,67.13,HISTORY_TARGET,HISTORY_TARGET,10.472,-0.294,13000.65,2025-05
PLD,2025-01-27,2025-01-28,Monday,LONG,STOCK,MOMENTUM_CONTINUATION,UP,96,74.68,3.053,2586.71,2.595,67.13,HISTORY_TARGET,HISTORY_TARGET,3.026,0.0,13067.78,2025-05
T,2025-01-27,2025-01-28,Monday,LONG,STOCK,MOMENTUM_CONTINUATION,UP,92,74.68,3.053,2586.71,2.595,67.13,HISTORY_TARGET,HISTORY_TARGET,4.596,0.0,13134.9,2025-05
META,2025-01-27,2025-01-28,Monday,LONG,STOCK,MOMENTUM_CONTINUATION,UP,91,74.68,3.053,2586.71,2.595,67.13,HISTORY_TARGET,HISTORY_TARGET,8.932,0.0,13202.03,2025-05
RCL,2025-01-28,2025-01-29,Tuesday,LONG,STOCK,MOMENTUM_CONTINUATION,UP,100,74.68,3.053,2640.41,2.595,68.52,HISTORY_TARGET,HISTORY_TARGET,9.953,0.0,13270.55,2025-05
CRWD,2025-01-28,2025-01-29,Tuesday,LONG,STOCK,MOMENTUM_CONTINUATION,UP,100,74.68,3.053,2640.41,2.595,68.52,HISTORY_TARGET,HISTORY_TARGET,8.501,0.0,13339.06,2025-05
MRNA,2025-01-28,2025-01-29,Tuesday,LONG,STOCK,MOMENTUM_CONTINUATION,UP,100,74.68,3.053,2640.41,2.595,68.52,HISTORY_TARGET,HISTORY_TARGET,6.549,-3.132,13407.58,2025-05
IVZ,2025-01-28,2025-01-29,Tuesday,LONG,STOCK,MOMENTUM_CONTINUATION,UP,100,74.68,3.053,2640.41,2.595,68.52,HISTORY_TARGET,HISTORY_TARGET,3.307,0.0,13476.1,2025-05
SBUX,2025-01-29,2025-01-30,Wednesday,LONG,STOCK,MOMENTUM_CONTINUATION,UP,100,74.68,3.053,2695.22,2.595,69.94,HISTORY_TARGET,HISTORY_TARGET,7.439,0.0,13546.04,2025-05
HSIC,2025-01-29,2025-01-30,Wednesday,LONG,STOCK,MOMENTUM_CONTINUATION,UP,100,74.68,3.053,2695.22,2.595,69.94,HISTORY_TARGET,HISTORY_TARGET,4.426,0.0,13615.98,2025-05
RCL,2025-01-29,2025-01-30,Wednesday,LONG,STOCK,MOMENTUM_CONTINUATION,UP,100,74.68,3.053,2695.22,2.595,69.94,HISTORY_TARGET,HISTORY_TARGET,3.325,0.0,13685.92,2025-05
ABT,2025-01-27,2025-01-31,Monday,LONG,STOCK,MOMENTUM_CONTINUATION,UP,100,74.68,3.053,2586.71,0.947,24.5,FRIDAY_EXIT,FRIDAY_EXIT,2.462,-0.047,13710.42,2025-05
FFIV,2025-01-29,2025-01-31,Wednesday,LONG,STOCK,MOMENTUM_CONTINUATION,UP,100,74.68,3.053,2695.22,-3.173,-85.52,FRIDAY_EXIT,FRIDAY_EXIT,0.16,-3.264,13624.9,2025-05
HOOD,2025-02-03,2025-02-04,Monday,LONG,STOCK,MOMENTUM_CONTINUATION,UP,100,74.68,3.053,2724.98,2.595,70.71,HISTORY_TARGET,HISTORY_TARGET,9.94,0.0,13695.61,2025-06
VST,2025-02-03,2025-02-04,Monday,LONG,STOCK,MOMENTUM_CONTINUATION,UP,100,74.68,3.053,2724.98,2.595,70.71,HISTORY_TARGET,HISTORY_TARGET,8.425,0.0,13766.33,2025-06
CEG,2025-02-03,2025-02-04,Monday,LONG,STOCK,MOMENTUM_CONTINUATION,UP,100,74.68,3.053,2724.98,2.595,70.71,HISTORY_TARGET,HISTORY_TARGET,7.6,0.0,13837.04,2025-06
IBKR,2025-02-03,2025-02-04,Monday,LONG,STOCK,MOMENTUM_CONTINUATION,UP,100,74.68,3.053,2724.98,2.595,70.71,HISTORY_TARGET,HISTORY_TARGET,6.639,0.0,13907.75,2025-06
IBM,2025-02-03,2025-02-04,Monday,LONG,STOCK,MOMENTUM_CONTINUATION,UP,100,74.68,3.053,2724.98,2.595,70.71,HISTORY_TARGET,HISTORY_TARGET,5.091,0.0,13978.47,2025-06
FFIV,2025-02-04,2025-02-05,Tuesday,LONG,STOCK,MOMENTUM_CONTINUATION,UP,99,74.68,3.053,2795.69,2.595,72.55,HISTORY_TARGET,HISTORY_TARGET,3.235,0.0,14051.01,2025-06
CVNA,2025-02-04,2025-02-05,Tuesday,LONG,STOCK,MOMENTUM_CONTINUATION,UP,96,74.68,3.053,2795.69,2.595,72.55,HISTORY_TARGET,HISTORY_TARGET,2.925,0.0,14123.56,2025-06
HOOD,2025-02-04,2025-02-05,Tuesday,LONG,STOCK,MOMENTUM_CONTINUATION,UP,95,74.68,3.053,2795.69,2.595,72.55,HISTORY_TARGET,HISTORY_TARGET,4.481,0.0,14196.11,2025-06
PLTR,2025-02-04,2025-02-06,Tuesday,LONG,STOCK,MOMENTUM_CONTINUATION,UP,100,74.68,3.053,2795.69,2.595,72.55,HISTORY_TARGET,HISTORY_TARGET,8.507,-3.385,14268.66,2025-06
IBKR,2025-02-05,2025-02-06,Wednesday,LONG,STOCK,MOMENTUM_CONTINUATION,UP,100,74.68,3.053,2839.22,2.595,73.68,HISTORY_TARGET,HISTORY_TARGET,5.289,0.0,14342.34,2025-06
IBM,2025-02-04,2025-02-07,Tuesday,LONG,STOCK,MOMENTUM_CONTINUATION,UP,100,74.68,3.053,2795.69,0.5,13.98,PROFIT_PROTECTION_PROXY,FRIDAY_EXIT,2.2,-3.069,14356.32,2025-06
JCI,2025-02-05,2025-02-07,Wednesday,LONG,STOCK,MOMENTUM_CONTINUATION,UP,100,74.68,3.053,2839.22,0.62,17.6,FRIDAY_EXIT,FRIDAY_EXIT,1.883,-1.676,14373.92,2025-06
BKR,2025-02-05,2025-02-07,Wednesday,LONG,STOCK,MOMENTUM_CONTINUATION,UP,99,74.68,3.053,2839.22,0.5,14.2,PROFIT_PROTECTION_PROXY,FRIDAY_EXIT,2.468,-4.252,14388.11,2025-06
SMCI,2025-02-10,2025-02-11,Monday,LONG,STOCK,MOMENTUM_CONTINUATION,UP,100,74.68,3.053,2877.62,2.595,74.67,HISTORY_TARGET,HISTORY_TARGET,11.553,0.0,14462.79,2025-07
TKO,2025-02-10,2025-02-11,Monday,LONG,STOCK,MOMENTUM_CONTINUATION,UP,100,74.68,3.053,2877.62,2.595,74.67,HISTORY_TARGET,HISTORY_TARGET,6.03,0.0,14537.46,2025-07
PLTR,2025-02-10,2025-02-11,Monday,LONG,STOCK,MOMENTUM_CONTINUATION,UP,100,74.68,3.053,2877.62,2.595,74.67,HISTORY_TARGET,HISTORY_TARGET,5.918,0.0,14612.14,2025-07
ROK,2025-02-10,2025-02-11,Monday,LONG,STOCK,MOMENTUM_CONTINUATION,UP,100,74.68,3.053,2877.62,2.595,74.67,HISTORY_TARGET,HISTORY_TARGET,5.618,0.0,14686.81,2025-07
TPR,2025-02-11,2025-02-12,Tuesday,LONG,STOCK,MOMENTUM_CONTINUATION,UP,100,74.68,3.053,2937.36,2.595,76.22,HISTORY_TARGET,HISTORY_TARGET,8.412,0.0,14763.04,2025-07
SMCI,2025-02-11,2025-02-12,Tuesday,LONG,STOCK,MOMENTUM_CONTINUATION,UP,100,74.68,3.053,2937.36,2.595,76.22,HISTORY_TARGET,HISTORY_TARGET,8.13,-4.262,14839.26,2025-07
HOOD,2025-02-10,2025-02-13,Monday,LONG,STOCK,MOMENTUM_CONTINUATION,UP,100,74.68,3.053,2877.62,2.595,74.67,HISTORY_TARGET,HISTORY_TARGET,17.016,-7.922,14913.94,2025-07
INTC,2025-02-12,2025-02-13,Wednesday,LONG,STOCK,MOMENTUM_CONTINUATION,UP,100,74.68,3.053,2967.85,2.595,77.02,HISTORY_TARGET,HISTORY_TARGET,12.966,0.0,14990.95,2025-07
CVS,2025-02-12,2025-02-13,Wednesday,LONG,STOCK,MOMENTUM_CONTINUATION,UP,100,74.68,3.053,2967.85,2.595,77.02,HISTORY_TARGET,HISTORY_TARGET,11.104,0.0,15067.97,2025-07
PLTR,2025-02-11,2025-02-14,Tuesday,LONG,STOCK,MOMENTUM_CONTINUATION,UP,100,74.68,3.053,2937.36,2.595,76.22,HISTORY_TARGET,HISTORY_TARGET,3.579,-5.579,15144.19,2025-07
SCHW,2025-02-11,2025-02-14,Tuesday,LONG,STOCK,MOMENTUM_CONTINUATION,UP,100,74.68,3.053,2937.36,-2.084,-61.21,FRIDAY_EXIT,FRIDAY_EXIT,1.353,-2.572,15082.98,2025-07
SMCI,2025-02-18,2025-02-19,Tuesday,LONG,STOCK,MOMENTUM_CONTINUATION,UP,100,74.68,3.053,3016.6,2.595,78.28,HISTORY_TARGET,HISTORY_TARGET,30.275,0.0,15161.26,2025-08
INTC,2025-02-18,2025-02-19,Tuesday,LONG,STOCK,MOMENTUM_CONTINUATION,UP,100,74.68,3.053,3016.6,2.595,78.28,HISTORY_TARGET,HISTORY_TARGET,7.033,0.0,15239.54,2025-08
PLTR,2025-02-18,2025-02-19,Tuesday,LONG,STOCK,MOMENTUM_CONTINUATION,UP,100,74.68,3.053,3016.6,-8.0,-241.33,STOP_LOSS,STOP_LOSS,3.696,-10.236,14998.21,2025-08
CVS,2025-02-18,2025-02-19,Tuesday,LONG,STOCK,MOMENTUM_CONTINUATION,UP,100,74.68,3.053,3016.6,2.595,78.28,HISTORY_TARGET,HISTORY_TARGET,3.577,0.0,15076.49,2025-08
APP,2025-02-18,2025-02-20,Tuesday,LONG,STOCK,MOMENTUM_CONTINUATION,UP,100,74.68,3.053,3016.6,-8.0,-241.33,STOP_LOSS,STOP_LOSS,0.0,-16.917,14835.16,2025-08
MCHP,2025-02-19,2025-02-20,Wednesday,LONG,STOCK,MOMENTUM_CONTINUATION,UP,100,74.68,3.053,3015.3,2.595,78.25,HISTORY_TARGET,HISTORY_TARGET,11.616,0.0,14913.41,2025-08
NXPI,2025-02-19,2025-02-20,Wednesday,LONG,STOCK,MOMENTUM_CONTINUATION,UP,100,74.68,3.053,3015.3,2.595,78.25,HISTORY_TARGET,HISTORY_TARGET,10.815,0.0,14991.66,2025-08
ADI,2025-02-19,2025-02-20,Wednesday,LONG,STOCK,MOMENTUM_CONTINUATION,UP,100,74.68,3.053,3015.3,2.595,78.25,HISTORY_TARGET,HISTORY_TARGET,7.425,0.0,15069.9,2025-08
SMCI,2025-02-19,2025-02-20,Wednesday,LONG,STOCK,MOMENTUM_CONTINUATION,UP,100,74.68,3.053,3014.0,-8.0,-241.12,STOP_LOSS,STOP_LOSS,5.81,-8.028,14828.78,2025-08
SMCI,2025-02-24,2025-02-25,Monday,LONG,STOCK,MOMENTUM_CONTINUATION,UP,100,74.68,3.053,2965.76,-8.0,-237.26,STOP_LOSS,STOP_LOSS,0.0,-18.337,14591.52,2025-09
BAX,2025-02-24,2025-02-25,Monday,LONG,STOCK,MOMENTUM_CONTINUATION,UP,98,74.68,3.053,2965.76,2.595,76.96,HISTORY_TARGET,HISTORY_TARGET,5.967,0.0,14668.49,2025-09
HSY,2025-02-24,2025-02-25,Monday,LONG,STOCK,MOMENTUM_CONTINUATION,UP,98,74.68,3.053,2965.76,2.595,76.96,HISTORY_TARGET,HISTORY_TARGET,5.491,0.0,14745.45,2025-09
NKE,2025-02-24,2025-02-25,Monday,LONG,STOCK,MOMENTUM_CONTINUATION,UP,92,74.68,3.053,2965.76,2.595,76.96,HISTORY_TARGET,HISTORY_TARGET,3.905,0.0,14822.41,2025-09
SOLV,2025-02-25,2025-02-26,Tuesday,LONG,STOCK,MOMENTUM_CONTINUATION,UP,100,74.68,3.053,2964.48,2.595,76.93,HISTORY_TARGET,HISTORY_TARGET,8.801,0.0,14899.34,2025-09
BAX,2025-02-25,2025-02-26,Tuesday,LONG,STOCK,MOMENTUM_CONTINUATION,UP,100,74.68,3.053,2964.48,2.595,76.93,HISTORY_TARGET,HISTORY_TARGET,3.63,0.0,14976.26,2025-09
AMT,2025-02-25,2025-02-26,Tuesday,LONG,STOCK,MOMENTUM_CONTINUATION,UP,89,74.68,3.053,2964.48,2.595,76.93,HISTORY_TARGET,HISTORY_TARGET,3.995,0.0,15053.19,2025-09
HAS,2025-02-24,2025-02-28,Monday,LONG,STOCK,MOMENTUM_CONTINUATION,UP,93,74.68,3.053,2965.76,0.5,14.83,PROFIT_PROTECTION_PROXY,FRIDAY_EXIT,2.368,-4.84,15068.02,2025-09
AMGN,2025-02-25,2025-02-28,Tuesday,LONG,STOCK,MOMENTUM_CONTINUATION,UP,87,74.68,3.053,2963.21,-1.199,-35.53,FRIDAY_EXIT,FRIDAY_EXIT,0.587,-2.79,15032.49,2025-09
SOLV,2025-02-26,2025-02-28,Wednesday,LONG,STOCK,MOMENTUM_CONTINUATION,UP,100,74.68,3.053,3010.64,-4.491,-135.21,FRIDAY_EXIT,FRIDAY_EXIT,1.437,-6.647,14897.29,2025-09
BAX,2025-02-26,2025-02-28,Wednesday,LONG,STOCK,MOMENTUM_CONTINUATION,UP,97,74.68,3.053,3010.64,-3.979,-119.79,FRIDAY_EXIT,FRIDAY_EXIT,0.0,-5.398,14777.49,2025-09
INTU,2025-02-26,2025-02-28,Wednesday,LONG,STOCK,MOMENTUM_CONTINUATION,UP,86,74.68,3.053,3010.64,-3.408,-102.6,FRIDAY_EXIT,FRIDAY_EXIT,0.0,-5.843,14674.89,2025-09
ERIE,2025-03-03,2025-03-04,Monday,LONG,STOCK,MOMENTUM_CONTINUATION,UP,100,74.68,3.053,2934.98,2.595,76.16,HISTORY_TARGET,HISTORY_TARGET,5.822,0.0,14751.05,2025-10
AMT,2025-03-03,2025-03-04,Monday,LONG,STOCK,MOMENTUM_CONTINUATION,UP,88,74.68,3.053,2934.98,2.595,76.16,HISTORY_TARGET,HISTORY_TARGET,4.951,0.0,14827.21,2025-10
SATS,2025-03-03,2025-03-06,Monday,LONG,STOCK,MOMENTUM_CONTINUATION,UP,89,74.68,3.053,2934.98,-8.0,-234.8,STOP_LOSS,STOP_LOSS,1.314,-10.894,14592.42,2025-10
INVH,2025-03-03,2025-03-07,Monday,LONG,STOCK,MOMENTUM_CONTINUATION,UP,85,74.68,3.053,2934.98,0.588,17.26,FRIDAY_EXIT,FRIDAY_EXIT,2.118,-2.118,14609.67,2025-10
YUM,2025-03-03,2025-03-07,Monday,LONG,STOCK,MOMENTUM_CONTINUATION,UP,84,74.68,3.053,2934.98,2.595,76.16,HISTORY_TARGET,HISTORY_TARGET,3.669,0.0,14685.84,2025-10
ERIE,2025-03-04,2025-03-07,Tuesday,LONG,STOCK,MOMENTUM_CONTINUATION,UP,91,74.68,3.053,2965.44,-0.501,-14.86,FRIDAY_EXIT,FRIDAY_EXIT,1.303,-2.359,14670.98,2025-10
MNST,2025-03-04,2025-03-07,Tuesday,LONG,STOCK,MOMENTUM_CONTINUATION,UP,83,74.68,3.053,2965.44,-0.488,-14.47,FRIDAY_EXIT,FRIDAY_EXIT,0.867,-1.156,14656.51,2025-10
BF-B,2025-03-10,2025-03-12,Monday,LONG,STOCK,MOMENTUM_CONTINUATION,UP,100,74.68,3.053,2931.3,-8.0,-234.5,STOP_LOSS,STOP_LOSS,2.208,-10.258,14422.0,2025-11
DG,2025-03-10,2025-03-12,Monday,LONG,STOCK,MOMENTUM_CONTINUATION,UP,100,74.68,3.053,2931.3,-8.0,-234.5,STOP_LOSS,STOP_LOSS,1.664,-8.649,14187.5,2025-11
MRNA,2025-03-10,2025-03-13,Monday,LONG,STOCK,MOMENTUM_CONTINUATION,UP,100,74.68,3.053,2931.3,2.595,76.07,HISTORY_TARGET,HISTORY_TARGET,8.295,-7.33,14263.57,2025-11
SMCI,2025-03-12,2025-03-13,Wednesday,LONG,STOCK,MOMENTUM_CONTINUATION,UP,84,74.68,3.053,2837.5,-8.0,-227.0,STOP_LOSS,STOP_LOSS,0.0,-11.51,14036.57,2025-11
COP,2025-03-12,2025-03-13,Wednesday,LONG,STOCK,MOMENTUM_CONTINUATION,UP,74,74.68,3.053,2556.1,2.595,66.33,HISTORY_TARGET,HISTORY_TARGET,4.402,0.0,14102.9,2025-11
HII,2025-03-10,2025-03-14,Monday,LONG,STOCK,MOMENTUM_CONTINUATION,UP,100,74.68,3.053,2931.3,1.459,42.77,FRIDAY_EXIT,FRIDAY_EXIT,2.503,-2.757,14145.67,2025-11
AWK,2025-03-10,2025-03-14,Monday,LONG,STOCK,MOMENTUM_CONTINUATION,UP,91,74.68,3.053,2931.3,-1.272,-37.29,FRIDAY_EXIT,FRIDAY_EXIT,1.95,-4.966,14108.38,2025-11
INTC,2025-03-17,2025-03-18,Monday,LONG,STOCK,MOMENTUM_CONTINUATION,UP,100,74.68,3.053,2821.68,2.595,73.22,HISTORY_TARGET,HISTORY_TARGET,8.149,0.0,14181.6,2025-12
SNDK,2025-03-17,2025-03-18,Monday,LONG,STOCK,MOMENTUM_CONTINUATION,UP,100,74.68,3.053,2821.68,2.595,73.22,HISTORY_TARGET,HISTORY_TARGET,5.639,-0.42,14254.82,2025-12
AES,2025-03-17,2025-03-18,Monday,LONG,STOCK,MOMENTUM_CONTINUATION,UP,100,74.68,3.053,2821.68,2.595,73.22,HISTORY_TARGET,HISTORY_TARGET,4.582,0.0,14328.05,2025-12
GEV,2025-03-17,2025-03-18,Monday,LONG,STOCK,MOMENTUM_CONTINUATION,UP,95,74.68,3.053,2821.68,2.595,73.22,HISTORY_TARGET,HISTORY_TARGET,5.913,0.0,14401.27,2025-12
SNDK,2025-03-18,2025-03-19,Tuesday,LONG,STOCK,MOMENTUM_CONTINUATION,UP,88,74.68,3.053,2880.25,2.595,74.74,HISTORY_TARGET,HISTORY_TARGET,4.47,0.0,14476.01,2025-12
MU,2025-03-17,2025-03-20,Monday,LONG,STOCK,MOMENTUM_CONTINUATION,UP,98,74.68,3.053,2821.68,2.595,73.22,HISTORY_TARGET,HISTORY_TARGET,3.592,-0.762,14549.23,2025-12
AES,2025-03-18,2025-03-20,Tuesday,LONG,STOCK,MOMENTUM_CONTINUATION,UP,96,74.68,3.053,2880.25,2.595,74.74,HISTORY_TARGET,HISTORY_TARGET,3.035,-0.389,14623.98,2025-12
INTC,2025-03-18,2025-03-21,Tuesday,LONG,STOCK,MOMENTUM_CONTINUATION,UP,100,74.68,3.053,2880.25,-8.0,-230.42,STOP_LOSS,STOP_LOSS,0.0,-8.063,14393.56,2025-12
HII,2025-03-18,2025-03-21,Tuesday,LONG,STOCK,MOMENTUM_CONTINUATION,UP,85,74.68,3.053,2880.25,0.5,14.4,PROFIT_PROTECTION_PROXY,FRIDAY_EXIT,2.33,-3.599,14407.96,2025-12
SNDK,2025-03-19,2025-03-21,Wednesday,LONG,STOCK,MOMENTUM_CONTINUATION,UP,99,74.68,3.053,2895.2,-4.156,-120.32,FRIDAY_EXIT,FRIDAY_EXIT,1.545,-7.789,14287.63,2025-12
DRI,2025-03-24,2025-03-25,Monday,LONG,STOCK,MOMENTUM_CONTINUATION,UP,90,74.68,3.053,2857.53,2.595,74.15,HISTORY_TARGET,HISTORY_TARGET,3.043,0.0,14361.79,2025-13
CVNA,2025-03-24,2025-03-25,Monday,LONG,STOCK,MOMENTUM_CONTINUATION,UP,86,74.68,3.053,2857.53,2.595,74.15,HISTORY_TARGET,HISTORY_TARGET,12.737,0.0,14435.94,2025-13
PLTR,2025-03-24,2025-03-25,Monday,LONG,STOCK,MOMENTUM_CONTINUATION,UP,86,74.68,3.053,2857.53,2.595,74.15,HISTORY_TARGET,HISTORY_TARGET,5.107,0.0,14510.09,2025-13
HOOD,2025-03-24,2025-03-25,Monday,LONG,STOCK,MOMENTUM_CONTINUATION,UP,85,74.68,3.053,2857.53,2.595,74.15,HISTORY_TARGET,HISTORY_TARGET,7.5,0.0,14584.25,2025-13
CVNA,2025-03-25,2025-03-26,Tuesday,LONG,STOCK,MOMENTUM_CONTINUATION,UP,100,74.68,3.053,2916.85,-8.0,-233.35,STOP_LOSS,STOP_LOSS,0.424,-8.966,14350.9,2025-13
HOOD,2025-03-25,2025-03-26,Tuesday,LONG,STOCK,MOMENTUM_CONTINUATION,UP,100,74.68,3.053,2916.85,-8.0,-233.35,STOP_LOSS,STOP_LOSS,0.0,-10.154,14117.55,2025-13
TSLA,2025-03-25,2025-03-27,Tuesday,LONG,STOCK,MOMENTUM_CONTINUATION,UP,100,74.68,3.053,2916.85,2.595,75.69,HISTORY_TARGET,HISTORY_TARGET,2.909,-6.026,14193.24,2025-13
APP,2025-03-25,2025-03-27,Tuesday,LONG,STOCK,MOMENTUM_CONTINUATION,UP,98,74.68,3.053,2916.85,-8.0,-233.35,STOP_LOSS,STOP_LOSS,0.645,-25.95,13959.89,2025-13
DLTR,2025-03-26,2025-03-27,Wednesday,LONG,STOCK,MOMENTUM_CONTINUATION,UP,89,74.68,3.053,2823.51,2.595,73.27,HISTORY_TARGET,HISTORY_TARGET,14.773,0.0,14033.16,2025-13
CHTR,2025-03-26,2025-03-27,Wednesday,LONG,STOCK,MOMENTUM_CONTINUATION,UP,84,74.68,3.053,2602.81,2.595,67.54,HISTORY_TARGET,HISTORY_TARGET,3.312,0.0,14100.71,2025-13
LUV,2025-03-24,2025-03-28,Monday,LONG,STOCK,MOMENTUM_CONTINUATION,UP,90,74.68,3.053,2857.53,-3.477,-99.36,FRIDAY_EXIT,FRIDAY_EXIT,1.264,-4.167,14001.35,2025-13
DG,2025-03-31,2025-04-01,Monday,LONG,STOCK,MOMENTUM_CONTINUATION,UP,92,74.68,3.053,2800.27,2.595,72.67,HISTORY_TARGET,HISTORY_TARGET,4.895,0.0,14074.02,2025-14
FOX,2025-03-31,2025-04-01,Monday,LONG,STOCK,MOMENTUM_CONTINUATION,UP,89,74.68,3.053,2800.27,2.595,72.67,HISTORY_TARGET,HISTORY_TARGET,4.384,0.0,14146.68,2025-14
DLTR,2025-03-31,2025-04-01,Monday,LONG,STOCK,MOMENTUM_CONTINUATION,UP,85,74.68,3.053,2800.27,2.595,72.67,HISTORY_TARGET,HISTORY_TARGET,6.315,0.0,14219.35,2025-14
PSKY,2025-03-31,2025-04-01,Monday,LONG,STOCK,MOMENTUM_CONTINUATION,UP,82,74.68,3.053,2800.27,2.595,72.67,HISTORY_TARGET,HISTORY_TARGET,4.704,0.0,14292.02,2025-14
DLTR,2025-04-01,2025-04-02,Tuesday,LONG,STOCK,MOMENTUM_CONTINUATION,UP,96,74.68,3.053,2858.4,2.595,74.18,HISTORY_TARGET,HISTORY_TARGET,5.288,-0.784,14366.19,2025-14
CNP,2025-04-01,2025-04-02,Tuesday,LONG,STOCK,MOMENTUM_CONTINUATION,UP,81,74.68,3.053,2858.4,2.595,74.18,HISTORY_TARGET,HISTORY_TARGET,2.643,0.0,14440.37,2025-14
DG,2025-04-01,2025-04-03,Tuesday,LONG,STOCK,MOMENTUM_CONTINUATION,UP,85,74.68,3.053,2858.4,2.595,74.18,HISTORY_TARGET,HISTORY_TARGET,7.369,-1.187,14514.55,2025-14
DLTR,2025-04-02,2025-04-03,Wednesday,LONG,STOCK,MOMENTUM_CONTINUATION,UP,92,74.68,3.053,2888.07,-8.0,-231.05,STOP_LOSS,STOP_LOSS,0.0,-10.492,14283.5,2025-14
LDOS,2025-04-02,2025-04-03,Wednesday,LONG,STOCK,MOMENTUM_CONTINUATION,UP,82,74.68,3.053,2888.07,2.595,74.95,HISTORY_TARGET,HISTORY_TARGET,8.102,0.0,14358.44,2025-14
WRB,2025-03-31,2025-04-04,Monday,LONG,STOCK,MOMENTUM_CONTINUATION,UP,90,74.68,3.053,2800.27,-8.0,-224.02,STOP_LOSS,STOP_LOSS,0.238,-8.576,14134.42,2025-14
BG,2025-04-01,2025-04-04,Tuesday,LONG,STOCK,MOMENTUM_CONTINUATION,UP,76,74.68,3.053,2858.4,0.5,14.29,PROFIT_PROTECTION_PROXY,FRIDAY_EXIT,2.42,-5.607,14148.72,2025-14
UNH,2025-04-07,2025-04-08,Monday,LONG,STOCK,MOMENTUM_CONTINUATION,UP,70,74.68,3.053,2829.74,2.595,73.43,HISTORY_TARGET,HISTORY_TARGET,13.948,0.0,14222.15,2025-15
CNC,2025-04-07,2025-04-08,Monday,LONG,STOCK,MOMENTUM_CONTINUATION,UP,66,74.68,3.053,2829.74,2.595,73.43,HISTORY_TARGET,HISTORY_TARGET,7.122,0.0,14295.58,2025-15
FSLR,2025-04-07,2025-04-08,Monday,LONG,STOCK,MOMENTUM_CONTINUATION,UP,63,74.68,3.053,2829.74,2.595,73.43,HISTORY_TARGET,HISTORY_TARGET,8.775,-6.016,14369.01,2025-15
DG,2025-04-07,2025-04-09,Monday,LONG,STOCK,MOMENTUM_CONTINUATION,UP,80,74.68,3.053,2829.74,-8.0,-226.38,STOP_LOSS,STOP_LOSS,0.779,-8.413,14142.63,2025-15
UNH,2025-04-08,2025-04-10,Tuesday,LONG,STOCK,MOMENTUM_CONTINUATION,UP,93,74.68,3.053,2873.8,2.595,74.58,HISTORY_TARGET,HISTORY_TARGET,3.386,-4.76,14217.21,2025-15
PLTR,2025-04-09,2025-04-10,Wednesday,LONG,STOCK,MOMENTUM_CONTINUATION,UP,83,74.68,3.053,2828.53,2.595,73.4,HISTORY_TARGET,HISTORY_TARGET,16.102,0.0,14290.61,2025-15
ROST,2025-04-09,2025-04-10,Wednesday,LONG,STOCK,MOMENTUM_CONTINUATION,UP,78,74.68,3.053,2692.7,2.595,69.88,HISTORY_TARGET,HISTORY_TARGET,10.779,0.0,14360.48,2025-15
HUM,2025-04-08,2025-04-11,Tuesday,LONG,STOCK,MOMENTUM_CONTINUATION,UP,99,74.68,3.053,2873.8,1.0,28.74,FRIDAY_EXIT,FRIDAY_EXIT,1.417,-7.285,14389.22,2025-15
CNC,2025-04-08,2025-04-11,Tuesday,LONG,STOCK,MOMENTUM_CONTINUATION,UP,72,74.68,3.053,2873.8,-3.286,-94.43,FRIDAY_EXIT,FRIDAY_EXIT,0.0,-7.754,14294.79,2025-15
PLTR,2025-04-14,2025-04-15,Monday,LONG,STOCK,MOMENTUM_CONTINUATION,UP,100,74.68,3.053,2858.96,2.595,74.19,HISTORY_TARGET,HISTORY_TARGET,3.33,-2.871,14368.98,2025-16
CVNA,2025-04-14,2025-04-15,Monday,LONG,STOCK,MOMENTUM_CONTINUATION,UP,100,74.68,3.053,2858.96,2.595,74.19,HISTORY_TARGET,HISTORY_TARGET,2.84,-2.528,14443.17,2025-16
NEM,2025-04-14,2025-04-15,Monday,LONG,STOCK,MOMENTUM_CONTINUATION,UP,100,74.68,3.053,2858.96,2.595,74.19,HISTORY_TARGET,HISTORY_TARGET,2.719,0.0,14517.36,2025-16
HOOD,2025-04-14,2025-04-16,Monday,LONG,STOCK,MOMENTUM_CONTINUATION,UP,100,74.68,3.053,2858.96,-8.0,-228.72,STOP_LOSS,STOP_LOSS,1.222,-10.975,14288.64,2025-16
PLTR,2025-04-15,2025-04-16,Tuesday,LONG,STOCK,MOMENTUM_CONTINUATION,UP,100,74.68,3.053,2903.47,2.595,75.35,HISTORY_TARGET,HISTORY_TARGET,4.031,-4.18,14363.99,2025-16
NEM,2025-04-15,2025-04-16,Tuesday,LONG,STOCK,MOMENTUM_CONTINUATION,UP,100,74.68,3.053,2903.47,2.595,75.35,HISTORY_TARGET,HISTORY_TARGET,3.763,0.0,14439.33,2025-16
CVNA,2025-04-15,2025-04-17,Tuesday,LONG,STOCK,MOMENTUM_CONTINUATION,UP,100,74.68,3.053,2903.47,2.595,75.35,HISTORY_TARGET,HISTORY_TARGET,3.583,-4.195,14514.68,2025-16
SBAC,2025-04-16,2025-04-17,Wednesday,LONG,STOCK,MOMENTUM_CONTINUATION,UP,75,74.68,3.053,2887.87,2.595,74.94,HISTORY_TARGET,HISTORY_TARGET,4.241,0.0,14589.62,2025-16
NOC,2025-04-16,2025-04-22,Wednesday,LONG,STOCK,MOMENTUM_CONTINUATION,UP,77,74.68,3.053,2887.87,-8.0,-231.03,STOP_LOSS,STOP_LOSS,1.424,-16.194,14358.59,2025-17
DLTR,2025-04-21,2025-04-22,Monday,LONG,STOCK,MOMENTUM_CONTINUATION,UP,95,74.68,3.053,2917.92,2.595,75.72,HISTORY_TARGET,HISTORY_TARGET,3.238,-0.276,14434.31,2025-17
DG,2025-04-21,2025-04-22,Monday,LONG,STOCK,MOMENTUM_CONTINUATION,UP,84,74.68,3.053,2917.92,2.595,75.72,HISTORY_TARGET,HISTORY_TARGET,3.581,0.0,14510.03,2025-17
NEM,2025-04-16,2025-04-23,Wednesday,LONG,STOCK,MOMENTUM_CONTINUATION,UP,100,74.68,3.053,2887.87,-8.0,-231.03,STOP_LOSS,STOP_LOSS,1.186,-8.586,14279.0,2025-17
DLTR,2025-04-22,2025-04-23,Tuesday,LONG,STOCK,MOMENTUM_CONTINUATION,UP,96,74.68,3.053,2902.01,2.595,75.31,HISTORY_TARGET,HISTORY_TARGET,6.911,0.0,14354.3,2025-17
NFLX,2025-04-22,2025-04-23,Tuesday,LONG,STOCK,MOMENTUM_CONTINUATION,UP,93,74.68,3.053,2902.01,2.595,75.31,HISTORY_TARGET,HISTORY_TARGET,5.566,0.0,14429.61,2025-17
FIS,2025-04-22,2025-04-23,Tuesday,LONG,STOCK,MOMENTUM_CONTINUATION,UP,87,74.68,3.053,2902.01,2.595,75.31,HISTORY_TARGET,HISTORY_TARGET,6.035,0.0,14504.92,2025-17
EFX,2025-04-23,2025-04-24,Wednesday,LONG,STOCK,MOMENTUM_CONTINUATION,UP,81,74.68,3.053,2900.98,2.595,75.28,HISTORY_TARGET,HISTORY_TARGET,3.865,-0.747,14580.2,2025-17
HII,2025-04-14,2025-04-25,Monday,LONG,STOCK,MOMENTUM_CONTINUATION,UP,100,74.68,3.053,2858.96,2.595,74.19,HISTORY_TARGET,HISTORY_TARGET,4.476,-2.4,14654.39,2025-17
DLTR,2025-04-23,2025-04-25,Wednesday,LONG,STOCK,MOMENTUM_CONTINUATION,UP,100,74.68,3.053,2900.98,-4.572,-132.63,FRIDAY_EXIT,FRIDAY_EXIT,0.0,-5.472,14521.76,2025-17
FIS,2025-04-23,2025-04-25,Wednesday,LONG,STOCK,MOMENTUM_CONTINUATION,UP,93,74.68,3.053,2900.98,-1.221,-35.42,FRIDAY_EXIT,FRIDAY_EXIT,0.685,-2.293,14486.34,2025-17
APH,2025-04-23,2025-04-25,Wednesday,LONG,STOCK,MOMENTUM_CONTINUATION,UP,84,74.68,3.053,2900.98,-0.224,-6.5,FRIDAY_EXIT,FRIDAY_EXIT,0.816,-6.827,14479.84,2025-17
APP,2025-04-28,2025-04-29,Monday,LONG,STOCK,MOMENTUM_CONTINUATION,UP,100,74.68,3.053,2895.97,2.595,75.15,HISTORY_TARGET,HISTORY_TARGET,4.576,0.0,14554.99,2025-18
PLTR,2025-04-29,2025-04-30,Tuesday,LONG,STOCK,MOMENTUM_CONTINUATION,UP,100,74.68,3.053,2911.0,2.595,75.54,HISTORY_TARGET,HISTORY_TARGET,4.211,-3.018,14630.53,2025-18
CVNA,2025-04-28,2025-05-01,Monday,LONG,STOCK,MOMENTUM_CONTINUATION,UP,100,74.68,3.053,2895.97,2.595,75.15,HISTORY_TARGET,HISTORY_TARGET,10.513,-4.033,14705.68,2025-18
VRT,2025-04-28,2025-05-01,Monday,LONG,STOCK,MOMENTUM_CONTINUATION,UP,100,74.68,3.053,2895.97,2.595,75.15,HISTORY_TARGET,HISTORY_TARGET,9.178,-7.407,14780.83,2025-18
FIX,2025-04-28,2025-05-01,Monday,LONG,STOCK,MOMENTUM_CONTINUATION,UP,100,74.68,3.053,2895.97,2.595,75.15,HISTORY_TARGET,HISTORY_TARGET,8.674,-3.817,14855.98,2025-18
NRG,2025-04-28,2025-05-01,Monday,LONG,STOCK,MOMENTUM_CONTINUATION,UP,100,74.68,3.053,2895.97,2.595,75.15,HISTORY_TARGET,HISTORY_TARGET,6.575,-2.617,14931.13,2025-18
PLTR,2025-04-30,2025-05-01,Wednesday,LONG,STOCK,MOMENTUM_CONTINUATION,UP,100,74.68,3.053,2926.11,2.595,75.93,HISTORY_TARGET,HISTORY_TARGET,7.687,0.0,15007.06,2025-18
CEG,2025-05-05,2025-05-06,Monday,LONG,STOCK,MOMENTUM_CONTINUATION,UP,100,74.68,3.053,3001.41,2.595,77.89,HISTORY_TARGET,HISTORY_TARGET,15.053,0.0,15084.95,2025-19
VST,2025-05-05,2025-05-06,Monday,LONG,STOCK,MOMENTUM_CONTINUATION,UP,100,74.68,3.053,3001.41,2.595,77.89,HISTORY_TARGET,HISTORY_TARGET,7.534,0.0,15162.83,2025-19
STX,2025-05-05,2025-05-07,Monday,LONG,STOCK,MOMENTUM_CONTINUATION,UP,100,74.68,3.053,3001.41,2.595,77.89,HISTORY_TARGET,HISTORY_TARGET,3.617,-0.444,15240.72,2025-19
CEG,2025-05-06,2025-05-07,Tuesday,LONG,STOCK,MOMENTUM_CONTINUATION,UP,100,74.68,3.053,3032.57,2.595,78.7,HISTORY_TARGET,HISTORY_TARGET,7.607,0.0,15319.42,2025-19
NRG,2025-05-06,2025-05-07,Tuesday,LONG,STOCK,MOMENTUM_CONTINUATION,UP,100,74.68,3.053,3032.57,2.595,78.7,HISTORY_TARGET,HISTORY_TARGET,3.857,0.0,15398.11,2025-19
FIX,2025-05-05,2025-05-08,Monday,LONG,STOCK,MOMENTUM_CONTINUATION,UP,100,74.68,3.053,3001.41,2.595,77.89,HISTORY_TARGET,HISTORY_TARGET,4.902,-1.407,15476.0,2025-19
PWR,2025-05-05,2025-05-08,Monday,LONG,STOCK,MOMENTUM_CONTINUATION,UP,100,74.68,3.053,3001.41,2.595,77.89,HISTORY_TARGET,HISTORY_TARGET,3.918,-0.889,15553.88,2025-19
DXCM,2025-05-07,2025-05-08,Wednesday,LONG,STOCK,MOMENTUM_CONTINUATION,UP,100,74.68,3.053,3079.62,2.595,79.92,HISTORY_TARGET,HISTORY_TARGET,5.164,0.0,15633.8,2025-19
ROK,2025-05-07,2025-05-08,Wednesday,LONG,STOCK,MOMENTUM_CONTINUATION,UP,100,74.68,3.053,3079.62,2.595,79.92,HISTORY_TARGET,HISTORY_TARGET,5.096,0.0,15713.72,2025-19
VRT,2025-05-07,2025-05-08,Wednesday,LONG,STOCK,MOMENTUM_CONTINUATION,UP,100,74.68,3.053,3079.62,2.595,79.92,HISTORY_TARGET,HISTORY_TARGET,4.715,0.0,15793.63,2025-19
FSLR,2025-05-12,2025-05-13,Monday,LONG,STOCK,MOMENTUM_CONTINUATION,UP,100,74.68,3.053,3158.73,2.595,81.97,HISTORY_TARGET,HISTORY_TARGET,31.221,0.0,15875.6,2025-20
NRG,2025-05-12,2025-05-13,Monday,LONG,STOCK,MOMENTUM_CONTINUATION,UP,100,74.68,3.053,3158.73,2.595,81.97,HISTORY_TARGET,HISTORY_TARGET,15.81,0.0,15957.57,2025-20
TTD,2025-05-12,2025-05-13,Monday,LONG,STOCK,MOMENTUM_CONTINUATION,UP,100,74.68,3.053,3158.73,2.595,81.97,HISTORY_TARGET,HISTORY_TARGET,7.293,0.0,16039.54,2025-20
HOOD,2025-05-12,2025-05-13,Monday,LONG,STOCK,MOMENTUM_CONTINUATION,UP,100,74.68,3.053,3158.73,2.595,81.97,HISTORY_TARGET,HISTORY_TARGET,7.156,-0.608,16121.51,2025-20
SNDK,2025-05-12,2025-05-13,Monday,LONG,STOCK,MOMENTUM_CONTINUATION,UP,100,74.68,3.053,3158.73,2.595,81.97,HISTORY_TARGET,HISTORY_TARGET,6.466,0.0,16203.48,2025-20
COIN,2025-05-13,2025-05-14,Tuesday,LONG,STOCK,MOMENTUM_CONTINUATION,UP,100,74.68,3.053,3240.7,2.595,84.1,HISTORY_TARGET,HISTORY_TARGET,14.147,0.0,16287.57,2025-20
FSLR,2025-05-13,2025-05-14,Tuesday,LONG,STOCK,MOMENTUM_CONTINUATION,UP,100,74.68,3.053,3240.7,2.595,84.1,HISTORY_TARGET,HISTORY_TARGET,12.917,0.0,16371.67,2025-20
APP,2025-05-13,2025-05-14,Tuesday,LONG,STOCK,MOMENTUM_CONTINUATION,UP,100,74.68,3.053,3240.7,2.595,84.1,HISTORY_TARGET,HISTORY_TARGET,8.909,0.0,16455.77,2025-20
HOOD,2025-05-13,2025-05-14,Tuesday,LONG,STOCK,MOMENTUM_CONTINUATION,UP,100,74.68,3.053,3240.7,2.595,84.1,HISTORY_TARGET,HISTORY_TARGET,8.248,0.0,16539.86,2025-20
NRG,2025-05-13,2025-05-14,Tuesday,LONG,STOCK,MOMENTUM_CONTINUATION,UP,100,74.68,3.053,3240.7,2.595,84.1,HISTORY_TARGET,HISTORY_TARGET,5.841,0.0,16623.96,2025-20
LITE,2025-05-14,2025-05-15,Wednesday,LONG,STOCK,MOMENTUM_CONTINUATION,UP,100,74.68,3.053,3324.79,2.595,86.28,HISTORY_TARGET,HISTORY_TARGET,5.418,0.0,16710.24,2025-20
COIN,2025-05-14,2025-05-16,Wednesday,LONG,STOCK,MOMENTUM_CONTINUATION,UP,100,74.68,3.053,3324.79,2.595,86.28,HISTORY_TARGET,HISTORY_TARGET,5.291,-6.564,16796.52,2025-20
NRG,2025-05-14,2025-05-16,Wednesday,LONG,STOCK,MOMENTUM_CONTINUATION,UP,100,74.68,3.053,3324.79,2.595,86.28,HISTORY_TARGET,HISTORY_TARGET,2.901,-1.234,16882.79,2025-20
TSLA,2025-05-14,2025-05-16,Wednesday,LONG,STOCK,MOMENTUM_CONTINUATION,UP,100,74.68,3.053,3324.79,2.595,86.28,HISTORY_TARGET,HISTORY_TARGET,2.663,-2.272,16969.07,2025-20
APP,2025-05-14,2025-05-16,Wednesday,LONG,STOCK,MOMENTUM_CONTINUATION,UP,100,74.68,3.053,3324.79,-2.985,-99.25,FRIDAY_EXIT,FRIDAY_EXIT,1.269,-4.147,16869.83,2025-20
HOOD,2025-05-19,2025-05-20,Monday,LONG,STOCK,MOMENTUM_CONTINUATION,UP,100,74.68,3.053,3373.97,2.595,87.55,HISTORY_TARGET,HISTORY_TARGET,9.064,0.0,16957.38,2025-21
TSLA,2025-05-19,2025-05-20,Monday,LONG,STOCK,MOMENTUM_CONTINUATION,UP,100,74.68,3.053,3373.97,2.595,87.55,HISTORY_TARGET,HISTORY_TARGET,5.558,0.0,17044.94,2025-21
VST,2025-05-19,2025-05-20,Monday,LONG,STOCK,MOMENTUM_CONTINUATION,UP,100,74.68,3.053,3373.97,2.595,87.55,HISTORY_TARGET,HISTORY_TARGET,5.23,0.0,17132.49,2025-21
WDC,2025-05-19,2025-05-20,Monday,LONG,STOCK,MOMENTUM_CONTINUATION,UP,100,74.68,3.053,3373.97,2.595,87.55,HISTORY_TARGET,HISTORY_TARGET,5.157,0.0,17220.04,2025-21
APP,2025-05-19,2025-05-20,Monday,LONG,STOCK,MOMENTUM_CONTINUATION,UP,100,74.68,3.053,3373.97,2.595,87.55,HISTORY_TARGET,HISTORY_TARGET,4.554,0.0,17307.6,2025-21
MRNA,2025-05-20,2025-05-21,Tuesday,LONG,STOCK,MOMENTUM_CONTINUATION,UP,100,74.68,3.053,3461.52,2.595,89.83,HISTORY_TARGET,HISTORY_TARGET,4.65,-4.4,17397.43,2025-21
HOOD,2025-05-20,2025-05-21,Tuesday,LONG,STOCK,MOMENTUM_CONTINUATION,UP,100,74.68,3.053,3461.52,2.595,89.83,HISTORY_TARGET,HISTORY_TARGET,4.45,-1.124,17487.25,2025-21
HOOD,2025-05-21,2025-05-22,Wednesday,LONG,STOCK,MOMENTUM_CONTINUATION,UP,99,74.68,3.053,3497.45,2.595,90.76,HISTORY_TARGET,HISTORY_TARGET,2.833,-0.484,17578.01,2025-21
GEV,2025-05-21,2025-05-22,Wednesday,LONG,STOCK,MOMENTUM_CONTINUATION,UP,98,74.68,3.053,3497.45,2.595,90.76,HISTORY_TARGET,HISTORY_TARGET,3.96,0.0,17668.77,2025-21
DG,2025-05-20,2025-05-23,Tuesday,LONG,STOCK,MOMENTUM_CONTINUATION,UP,100,74.68,3.053,3461.52,1.685,58.33,FRIDAY_EXIT,FRIDAY_EXIT,2.497,0.0,17727.1,2025-21
CVNA,2025-05-20,2025-05-23,Tuesday,LONG,STOCK,MOMENTUM_CONTINUATION,UP,100,74.68,3.053,3461.52,0.732,25.34,FRIDAY_EXIT,FRIDAY_EXIT,2.034,-3.942,17752.43,2025-21
NRG,2025-05-20,2025-05-23,Tuesday,LONG,STOCK,MOMENTUM_CONTINUATION,UP,100,74.68,3.053,3461.52,-1.436,-49.71,FRIDAY_EXIT,FRIDAY_EXIT,0.0,-4.834,17702.73,2025-21
INTU,2025-05-27,2025-05-28,Tuesday,LONG,STOCK,MOMENTUM_CONTINUATION,UP,100,74.68,3.053,3540.55,2.595,91.88,HISTORY_TARGET,HISTORY_TARGET,4.729,0.0,17794.6,2025-22
STX,2025-05-27,2025-05-28,Tuesday,LONG,STOCK,MOMENTUM_CONTINUATION,UP,100,74.68,3.053,3540.55,2.595,91.88,HISTORY_TARGET,HISTORY_TARGET,4.18,0.0,17886.48,2025-22
CEG,2025-05-27,2025-05-28,Tuesday,LONG,STOCK,MOMENTUM_CONTINUATION,UP,100,74.68,3.053,3540.55,2.595,91.88,HISTORY_TARGET,HISTORY_TARGET,3.036,0.0,17978.36,2025-22
APP,2025-05-27,2025-05-28,Tuesday,LONG,STOCK,MOMENTUM_CONTINUATION,UP,96,74.68,3.053,3540.55,2.595,91.88,HISTORY_TARGET,HISTORY_TARGET,8.528,0.0,18070.24,2025-22
TSLA,2025-05-27,2025-05-28,Tuesday,LONG,STOCK,MOMENTUM_CONTINUATION,UP,92,74.68,3.053,3540.55,2.595,91.88,HISTORY_TARGET,HISTORY_TARGET,5.081,0.0,18162.11,2025-22
APP,2025-05-28,2025-05-29,Wednesday,LONG,STOCK,MOMENTUM_CONTINUATION,UP,100,74.68,3.053,3632.42,2.595,94.26,HISTORY_TARGET,HISTORY_TARGET,5.643,0.0,18256.37,2025-22
CEG,2025-05-28,2025-05-30,Wednesday,LONG,STOCK,MOMENTUM_CONTINUATION,UP,100,74.68,3.053,3632.42,-1.066,-38.72,FRIDAY_EXIT,FRIDAY_EXIT,1.632,-3.293,18217.65,2025-22
STX,2025-05-28,2025-05-30,Wednesday,LONG,STOCK,MOMENTUM_CONTINUATION,UP,100,74.68,3.053,3632.42,0.597,21.69,FRIDAY_EXIT,FRIDAY_EXIT,1.612,-0.819,18239.34,2025-22
CVNA,2025-05-28,2025-05-30,Wednesday,LONG,STOCK,MOMENTUM_CONTINUATION,UP,99,74.68,3.053,3632.42,2.595,94.26,HISTORY_TARGET,HISTORY_TARGET,3.424,-0.391,18333.6,2025-22
INTU,2025-05-28,2025-05-30,Wednesday,LONG,STOCK,MOMENTUM_CONTINUATION,UP,99,74.68,3.053,3632.42,0.195,7.08,FRIDAY_EXIT,FRIDAY_EXIT,1.199,-0.69,18340.68,2025-22
HOOD,2025-06-02,2025-06-03,Monday,LONG,STOCK,MOMENTUM_CONTINUATION,UP,100,74.68,3.053,3668.14,2.595,95.19,HISTORY_TARGET,HISTORY_TARGET,10.132,0.0,18435.87,2025-23
CVNA,2025-06-02,2025-06-03,Monday,LONG,STOCK,MOMENTUM_CONTINUATION,UP,100,74.68,3.053,3668.14,2.595,95.19,HISTORY_TARGET,HISTORY_TARGET,4.506,0.0,18531.06,2025-23
APP,2025-06-02,2025-06-03,Monday,LONG,STOCK,MOMENTUM_CONTINUATION,UP,100,74.68,3.053,3668.14,2.595,95.19,HISTORY_TARGET,HISTORY_TARGET,3.999,-0.484,18626.25,2025-23
ON,2025-06-03,2025-06-04,Tuesday,LONG,STOCK,MOMENTUM_CONTINUATION,UP,100,74.68,3.053,3725.25,2.595,96.67,HISTORY_TARGET,HISTORY_TARGET,20.207,0.0,18722.92,2025-23
MCHP,2025-06-03,2025-06-04,Tuesday,LONG,STOCK,MOMENTUM_CONTINUATION,UP,100,74.68,3.053,3725.25,2.595,96.67,HISTORY_TARGET,HISTORY_TARGET,8.044,0.0,18819.59,2025-23
DG,2025-06-03,2025-06-04,Tuesday,LONG,STOCK,MOMENTUM_CONTINUATION,UP,100,74.68,3.053,3725.25,2.595,96.67,HISTORY_TARGET,HISTORY_TARGET,7.264,0.0,18916.26,2025-23
ON,2025-06-04,2025-06-05,Wednesday,LONG,STOCK,MOMENTUM_CONTINUATION,UP,100,74.68,3.053,3783.25,2.595,98.18,HISTORY_TARGET,HISTORY_TARGET,5.606,0.0,19014.43,2025-23
HOOD,2025-06-04,2025-06-05,Wednesday,LONG,STOCK,MOMENTUM_CONTINUATION,UP,100,74.68,3.053,3783.25,2.595,98.18,HISTORY_TARGET,HISTORY_TARGET,5.195,-2.412,19112.61,2025-23
STX,2025-06-04,2025-06-05,Wednesday,LONG,STOCK,MOMENTUM_CONTINUATION,UP,100,74.68,3.053,3783.25,2.595,98.18,HISTORY_TARGET,HISTORY_TARGET,5.027,0.0,19210.78,2025-23
ULTA,2025-06-02,2025-06-06,Monday,LONG,STOCK,MOMENTUM_CONTINUATION,UP,100,74.68,3.053,3668.14,0.5,18.34,PROFIT_PROTECTION_PROXY,FRIDAY_EXIT,2.562,-1.44,19229.12,2025-23
WBD,2025-06-02,2025-06-06,Monday,LONG,STOCK,MOMENTUM_CONTINUATION,UP,98,74.68,3.053,3668.14,-1.108,-40.64,FRIDAY_EXIT,FRIDAY_EXIT,1.712,-3.122,19188.48,2025-23
ON,2025-06-09,2025-06-10,Monday,LONG,STOCK,MOMENTUM_CONTINUATION,UP,100,74.68,3.053,3837.7,2.595,99.59,HISTORY_TARGET,HISTORY_TARGET,7.342,0.0,19288.07,2025-24
MCHP,2025-06-09,2025-06-10,Monday,LONG,STOCK,MOMENTUM_CONTINUATION,UP,100,74.68,3.053,3837.7,2.595,99.59,HISTORY_TARGET,HISTORY_TARGET,6.876,0.0,19387.66,2025-24
SNDK,2025-06-09,2025-06-10,Monday,LONG,STOCK,MOMENTUM_CONTINUATION,UP,100,74.68,3.053,3837.7,2.595,99.59,HISTORY_TARGET,HISTORY_TARGET,5.935,0.0,19487.25,2025-24
MU,2025-06-09,2025-06-10,Monday,LONG,STOCK,MOMENTUM_CONTINUATION,UP,100,74.68,3.053,3837.7,2.595,99.59,HISTORY_TARGET,HISTORY_TARGET,4.94,0.0,19586.83,2025-24
HOOD,2025-06-09,2025-06-10,Monday,LONG,STOCK,MOMENTUM_CONTINUATION,UP,100,74.68,3.053,3837.7,2.595,99.59,HISTORY_TARGET,HISTORY_TARGET,3.58,-1.818,19686.42,2025-24
MU,2025-06-10,2025-06-11,Tuesday,LONG,STOCK,MOMENTUM_CONTINUATION,UP,100,74.68,3.053,3937.28,2.595,102.17,HISTORY_TARGET,HISTORY_TARGET,5.138,0.0,19788.6,2025-24
ON,2025-06-10,2025-06-11,Tuesday,LONG,STOCK,MOMENTUM_CONTINUATION,UP,100,74.68,3.053,3937.28,2.595,102.17,HISTORY_TARGET,HISTORY_TARGET,3.774,-2.535,19890.77,2025-24
KLAC,2025-06-10,2025-06-11,Tuesday,LONG,STOCK,MOMENTUM_CONTINUATION,UP,93,74.68,3.053,3937.28,2.595,102.17,HISTORY_TARGET,HISTORY_TARGET,5.335,0.0,19992.94,2025-24
MCHP,2025-06-10,2025-06-11,Tuesday,LONG,STOCK,MOMENTUM_CONTINUATION,UP,91,74.68,3.053,3937.28,2.595,102.17,HISTORY_TARGET,HISTORY_TARGET,3.725,0.0,20095.11,2025-24
WBD,2025-06-11,2025-06-12,Wednesday,LONG,STOCK,MOMENTUM_CONTINUATION,UP,87,74.68,3.053,4019.02,2.595,104.29,HISTORY_TARGET,HISTORY_TARGET,7.185,-0.295,20199.41,2025-24
CASY,2025-06-10,2025-06-13,Tuesday,LONG,STOCK,MOMENTUM_CONTINUATION,UP,100,74.68,3.053,3937.28,2.595,102.17,HISTORY_TARGET,HISTORY_TARGET,3.399,-1.433,20301.58,2025-24
MU,2025-06-11,2025-06-13,Wednesday,LONG,STOCK,MOMENTUM_CONTINUATION,UP,98,74.68,3.053,4019.02,0.0,0.0,FRIDAY_EXIT,FRIDAY_EXIT,1.298,-1.799,20301.58,2025-24
KLAC,2025-06-11,2025-06-13,Wednesday,LONG,STOCK,MOMENTUM_CONTINUATION,UP,94,74.68,3.053,4019.02,0.299,12.02,FRIDAY_EXIT,FRIDAY_EXIT,1.628,-0.941,20313.6,2025-24
MCHP,2025-06-11,2025-06-13,Wednesday,LONG,STOCK,MOMENTUM_CONTINUATION,UP,86,74.68,3.053,4019.02,-6.408,-257.54,FRIDAY_EXIT,FRIDAY_EXIT,0.0,-6.735,20056.06,2025-24
BG,2025-06-16,2025-06-17,Monday,LONG,STOCK,MOMENTUM_CONTINUATION,UP,100,74.68,3.053,4011.21,2.595,104.09,HISTORY_TARGET,HISTORY_TARGET,7.126,0.0,20160.15,2025-25
WBD,2025-06-16,2025-06-17,Monday,LONG,STOCK,MOMENTUM_CONTINUATION,UP,100,74.68,3.053,4011.21,2.595,104.09,HISTORY_TARGET,HISTORY_TARGET,6.706,0.0,20264.24,2025-25
ADM,2025-06-16,2025-06-17,Monday,LONG,STOCK,MOMENTUM_CONTINUATION,UP,100,74.68,3.053,4011.21,2.595,104.09,HISTORY_TARGET,HISTORY_TARGET,4.953,0.0,20368.33,2025-25
SATS,2025-06-16,2025-06-17,Monday,LONG,STOCK,MOMENTUM_CONTINUATION,UP,100,74.68,3.053,4011.21,2.595,104.09,HISTORY_TARGET,HISTORY_TARGET,4.903,-1.236,20472.42,2025-25
JBL,2025-06-17,2025-06-18,Tuesday,LONG,STOCK,MOMENTUM_CONTINUATION,UP,100,74.68,3.053,4094.48,2.595,106.25,HISTORY_TARGET,HISTORY_TARGET,11.831,0.0,20578.67,2025-25
APA,2025-06-17,2025-06-18,Tuesday,LONG,STOCK,MOMENTUM_CONTINUATION,UP,96,74.68,3.053,4094.48,2.595,106.25,HISTORY_TARGET,HISTORY_TARGET,2.654,-2.317,20684.92,2025-25
ORCL,2025-06-16,2025-06-20,Monday,LONG,STOCK,MOMENTUM_CONTINUATION,UP,100,74.68,3.053,4011.21,-3.766,-151.06,FRIDAY_EXIT,FRIDAY_EXIT,1.257,-4.015,20533.86,2025-25
SATS,2025-06-17,2025-06-20,Tuesday,LONG,STOCK,MOMENTUM_CONTINUATION,UP,100,74.68,3.053,4094.48,2.595,106.25,HISTORY_TARGET,HISTORY_TARGET,4.978,-3.011,20640.11,2025-25
NEM,2025-06-17,2025-06-20,Tuesday,LONG,STOCK,MOMENTUM_CONTINUATION,UP,95,74.68,3.053,4094.48,-0.257,-10.52,FRIDAY_EXIT,FRIDAY_EXIT,1.336,-0.822,20629.59,2025-25
COIN,2025-06-18,2025-06-20,Wednesday,LONG,STOCK,MOMENTUM_CONTINUATION,UP,100,74.68,3.053,4136.98,2.595,107.35,HISTORY_TARGET,HISTORY_TARGET,22.343,0.0,20736.95,2025-25
SNDK,2025-06-18,2025-06-20,Wednesday,LONG,STOCK,MOMENTUM_CONTINUATION,UP,100,74.68,3.053,4136.98,2.595,107.35,HISTORY_TARGET,HISTORY_TARGET,7.133,-0.533,20844.3,2025-25
COIN,2025-06-23,2025-06-24,Monday,LONG,STOCK,MOMENTUM_CONTINUATION,UP,100,74.68,3.053,4168.86,2.595,108.18,HISTORY_TARGET,HISTORY_TARGET,15.522,0.0,20952.48,2025-26
AMD,2025-06-23,2025-06-24,Monday,LONG,STOCK,MOMENTUM_CONTINUATION,UP,100,74.68,3.053,4168.86,2.595,108.18,HISTORY_TARGET,HISTORY_TARGET,6.377,0.0,21060.66,2025-26
SATS,2025-06-23,2025-06-24,Monday,LONG,STOCK,MOMENTUM_CONTINUATION,UP,100,74.68,3.053,4168.86,2.595,108.18,HISTORY_TARGET,HISTORY_TARGET,4.576,0.0,21168.85,2025-26
JBL,2025-06-23,2025-06-24,Monday,LONG,STOCK,MOMENTUM_CONTINUATION,UP,100,74.68,3.053,4168.86,2.595,108.18,HISTORY_TARGET,HISTORY_TARGET,3.915,0.0,21277.03,2025-26
NTRS,2025-06-23,2025-06-25,Monday,LONG,STOCK,MOMENTUM_CONTINUATION,UP,100,74.68,3.053,4168.86,2.595,108.18,HISTORY_TARGET,HISTORY_TARGET,4.328,-1.034,21385.21,2025-26
COIN,2025-06-24,2025-06-25,Tuesday,LONG,STOCK,MOMENTUM_CONTINUATION,UP,100,74.68,3.053,4255.41,2.595,110.43,HISTORY_TARGET,HISTORY_TARGET,17.459,0.0,21495.64,2025-26
HOOD,2025-06-24,2025-06-25,Tuesday,LONG,STOCK,MOMENTUM_CONTINUATION,UP,100,74.68,3.053,4255.41,2.595,110.43,HISTORY_TARGET,HISTORY_TARGET,9.82,0.0,21606.07,2025-26
AMD,2025-06-24,2025-06-25,Tuesday,LONG,STOCK,MOMENTUM_CONTINUATION,UP,100,74.68,3.053,4255.41,2.595,110.43,HISTORY_TARGET,HISTORY_TARGET,8.057,0.0,21716.49,2025-26
CCL,2025-06-24,2025-06-25,Tuesday,LONG,STOCK,MOMENTUM_CONTINUATION,UP,100,74.68,3.053,4255.41,2.595,110.43,HISTORY_TARGET,HISTORY_TARGET,2.912,0.0,21826.92,2025-26
COIN,2025-06-25,2025-06-26,Wednesday,LONG,STOCK,MOMENTUM_CONTINUATION,UP,100,74.68,3.053,4365.38,2.595,113.28,HISTORY_TARGET,HISTORY_TARGET,5.935,-1.683,21940.2,2025-26
GNRC,2025-06-25,2025-06-26,Wednesday,LONG,STOCK,MOMENTUM_CONTINUATION,UP,100,74.68,3.053,4365.38,2.595,113.28,HISTORY_TARGET,HISTORY_TARGET,5.677,0.0,22053.48,2025-26
NTRS,2025-06-25,2025-06-26,Wednesday,LONG,STOCK,MOMENTUM_CONTINUATION,UP,100,74.68,3.053,4365.38,2.595,113.28,HISTORY_TARGET,HISTORY_TARGET,4.731,0.0,22166.77,2025-26
AMD,2025-06-25,2025-06-26,Wednesday,LONG,STOCK,MOMENTUM_CONTINUATION,UP,100,74.68,3.053,4365.38,2.595,113.28,HISTORY_TARGET,HISTORY_TARGET,3.59,0.0,22280.05,2025-26
HOOD,2025-06-25,2025-06-27,Wednesday,LONG,STOCK,MOMENTUM_CONTINUATION,UP,100,74.68,3.053,4365.38,-2.249,-98.18,FRIDAY_EXIT,FRIDAY_EXIT,0.0,-3.555,22181.87,2025-26
HOOD,2025-06-30,2025-07-01,Monday,LONG,STOCK,MOMENTUM_CONTINUATION,UP,100,74.68,3.053,4436.37,2.595,115.12,HISTORY_TARGET,HISTORY_TARGET,15.797,0.0,22296.99,2025-27
CCL,2025-06-30,2025-07-01,Monday,LONG,STOCK,MOMENTUM_CONTINUATION,UP,100,74.68,3.053,4436.37,2.595,115.12,HISTORY_TARGET,HISTORY_TARGET,5.373,0.0,22412.12,2025-27
HPE,2025-06-30,2025-07-02,Monday,LONG,STOCK,MOMENTUM_CONTINUATION,UP,100,74.68,3.053,4436.37,2.595,115.12,HISTORY_TARGET,HISTORY_TARGET,3.77,-2.852,22527.24,2025-27
EL,2025-07-01,2025-07-02,Tuesday,LONG,STOCK,MOMENTUM_CONTINUATION,UP,100,74.68,3.053,4482.42,2.595,116.32,HISTORY_TARGET,HISTORY_TARGET,10.526,0.0,22643.56,2025-27
WYNN,2025-07-01,2025-07-02,Tuesday,LONG,STOCK,MOMENTUM_CONTINUATION,UP,100,74.68,3.053,4482.42,2.595,116.32,HISTORY_TARGET,HISTORY_TARGET,8.352,0.0,22759.88,2025-27
ORCL,2025-06-30,2025-07-03,Monday,LONG,STOCK,MOMENTUM_CONTINUATION,UP,100,74.68,3.053,4436.37,2.595,115.12,HISTORY_TARGET,HISTORY_TARGET,5.073,-4.499,22875.0,2025-27
SATS,2025-07-02,2025-07-03,Wednesday,LONG,STOCK,MOMENTUM_CONTINUATION,UP,100,74.68,3.053,4551.98,2.595,118.12,HISTORY_TARGET,HISTORY_TARGET,10.536,0.0,22993.13,2025-27
RCL,2025-07-02,2025-07-03,Wednesday,LONG,STOCK,MOMENTUM_CONTINUATION,UP,100,74.68,3.053,4551.98,2.595,118.12,HISTORY_TARGET,HISTORY_TARGET,5.644,0.0,23111.25,2025-27
CCL,2025-07-02,2025-07-03,Wednesday,LONG,STOCK,MOMENTUM_CONTINUATION,UP,100,74.68,3.053,4551.98,2.595,118.12,HISTORY_TARGET,HISTORY_TARGET,5.623,0.0,23229.38,2025-27
WYNN,2025-07-07,2025-07-08,Monday,LONG,STOCK,MOMENTUM_CONTINUATION,UP,100,74.68,3.053,4645.88,2.595,120.56,HISTORY_TARGET,HISTORY_TARGET,6.106,0.0,23349.94,2025-28
SATS,2025-07-07,2025-07-08,Monday,LONG,STOCK,MOMENTUM_CONTINUATION,UP,100,74.68,3.053,4645.88,2.595,120.56,HISTORY_TARGET,HISTORY_TARGET,5.88,-0.194,23470.5,2025-28
HOOD,2025-07-07,2025-07-08,Monday,LONG,STOCK,MOMENTUM_CONTINUATION,UP,100,74.68,3.053,4645.88,2.595,120.56,HISTORY_TARGET,HISTORY_TARGET,4.755,-3.088,23591.06,2025-28
ORCL,2025-07-07,2025-07-08,Monday,LONG,STOCK,MOMENTUM_CONTINUATION,UP,100,74.68,3.053,4645.88,2.595,120.56,HISTORY_TARGET,HISTORY_TARGET,2.692,-0.817,23711.62,2025-28
ANET,2025-06-30,2025-07-09,Monday,LONG,STOCK,MOMENTUM_CONTINUATION,UP,100,74.68,3.053,4436.37,2.595,115.12,HISTORY_TARGET,HISTORY_TARGET,5.216,-4.765,23826.74,2025-28
MRNA,2025-07-08,2025-07-09,Tuesday,LONG,STOCK,MOMENTUM_CONTINUATION,UP,100,74.68,3.053,4742.32,2.595,123.06,HISTORY_TARGET,HISTORY_TARGET,11.004,0.0,23949.8,2025-28
ALB,2025-07-08,2025-07-09,Tuesday,LONG,STOCK,MOMENTUM_CONTINUATION,UP,100,74.68,3.053,4742.32,2.595,123.06,HISTORY_TARGET,HISTORY_TARGET,7.845,0.0,24072.87,2025-28
SATS,2025-07-08,2025-07-09,Tuesday,LONG,STOCK,MOMENTUM_CONTINUATION,UP,100,74.68,3.053,4742.32,2.595,123.06,HISTORY_TARGET,HISTORY_TARGET,4.592,0.0,24195.93,2025-28
LVS,2025-07-08,2025-07-10,Tuesday,LONG,STOCK,MOMENTUM_CONTINUATION,UP,100,74.68,3.053,4742.32,2.595,123.06,HISTORY_TARGET,HISTORY_TARGET,3.832,0.0,24318.99,2025-28
PTC,2025-07-09,2025-07-10,Wednesday,LONG,STOCK,MOMENTUM_CONTINUATION,UP,100,74.68,3.053,4839.19,2.595,125.58,HISTORY_TARGET,HISTORY_TARGET,11.692,0.0,24444.57,2025-28
COIN,2025-07-09,2025-07-10,Wednesday,LONG,STOCK,MOMENTUM_CONTINUATION,UP,100,74.68,3.053,4839.19,2.595,125.58,HISTORY_TARGET,HISTORY_TARGET,8.513,0.0,24570.15,2025-28
AES,2025-07-09,2025-07-10,Wednesday,LONG,STOCK,MOMENTUM_CONTINUATION,UP,100,74.68,3.053,4839.19,2.595,125.58,HISTORY_TARGET,HISTORY_TARGET,2.743,-3.135,24695.73,2025-28
SATS,2025-07-09,2025-07-11,Wednesday,LONG,STOCK,MOMENTUM_CONTINUATION,UP,100,74.68,3.053,4839.19,-8.0,-387.13,STOP_LOSS,STOP_LOSS,0.0,-8.26,24308.59,2025-28
AMD,2025-07-14,2025-07-15,Monday,LONG,STOCK,MOMENTUM_CONTINUATION,UP,96,74.68,3.053,4861.72,2.595,126.16,HISTORY_TARGET,HISTORY_TARGET,9.367,0.0,24434.75,2025-29
TPR,2025-07-14,2025-07-15,Monday,LONG,STOCK,MOMENTUM_CONTINUATION,UP,96,74.68,3.053,4861.72,2.595,126.16,HISTORY_TARGET,HISTORY_TARGET,3.056,0.0,24560.91,2025-29
HOOD,2025-07-14,2025-07-16,Monday,LONG,STOCK,MOMENTUM_CONTINUATION,UP,100,74.68,3.053,4861.72,2.595,126.16,HISTORY_TARGET,HISTORY_TARGET,3.718,-3.678,24687.08,2025-29
COIN,2025-07-14,2025-07-16,Monday,LONG,STOCK,MOMENTUM_CONTINUATION,UP,100,74.68,3.053,4861.72,2.595,126.16,HISTORY_TARGET,HISTORY_TARGET,3.409,-4.963,24813.24,2025-29
AES,2025-07-15,2025-07-16,Tuesday,LONG,STOCK,MOMENTUM_CONTINUATION,UP,100,74.68,3.053,4912.18,2.595,127.47,HISTORY_TARGET,HISTORY_TARGET,5.325,0.0,24940.71,2025-29
AMD,2025-07-15,2025-07-16,Tuesday,LONG,STOCK,MOMENTUM_CONTINUATION,UP,100,74.68,3.053,4912.18,2.595,127.47,HISTORY_TARGET,HISTORY_TARGET,4.299,-0.585,25068.18,2025-29
HOOD,2025-07-16,2025-07-17,Wednesday,LONG,STOCK,MOMENTUM_CONTINUATION,UP,100,74.68,3.053,5013.64,2.595,130.1,HISTORY_TARGET,HISTORY_TARGET,6.619,0.0,25198.28,2025-29
COIN,2025-07-16,2025-07-17,Wednesday,LONG,STOCK,MOMENTUM_CONTINUATION,UP,100,74.68,3.053,5013.64,2.595,130.1,HISTORY_TARGET,HISTORY_TARGET,5.896,0.0,25328.39,2025-29
AMD,2025-07-16,2025-07-17,Wednesday,LONG,STOCK,MOMENTUM_CONTINUATION,UP,100,74.68,3.053,5013.64,2.595,130.1,HISTORY_TARGET,HISTORY_TARGET,4.282,0.0,25458.49,2025-29
WBD,2025-07-16,2025-07-17,Wednesday,LONG,STOCK,MOMENTUM_CONTINUATION,UP,99,74.68,3.053,5013.64,2.595,130.1,HISTORY_TARGET,HISTORY_TARGET,7.769,0.0,25588.59,2025-29
DAL,2025-07-14,2025-07-18,Monday,LONG,STOCK,MOMENTUM_CONTINUATION,UP,100,74.68,3.053,4861.72,0.5,24.31,PROFIT_PROTECTION_PROXY,FRIDAY_EXIT,2.466,-3.329,25612.9,2025-29
IVZ,2025-07-21,2025-07-22,Monday,LONG,STOCK,MOMENTUM_CONTINUATION,UP,100,74.68,3.053,5122.58,2.595,132.93,HISTORY_TARGET,HISTORY_TARGET,7.323,-1.039,25745.83,2025-30
ALB,2025-07-21,2025-07-22,Monday,LONG,STOCK,MOMENTUM_CONTINUATION,UP,100,74.68,3.053,5122.58,2.595,132.93,HISTORY_TARGET,HISTORY_TARGET,4.659,-1.691,25878.76,2025-30
AES,2025-07-21,2025-07-22,Monday,LONG,STOCK,MOMENTUM_CONTINUATION,UP,100,74.68,3.053,5122.58,2.595,132.93,HISTORY_TARGET,HISTORY_TARGET,2.887,0.0,26011.7,2025-30
IQV,2025-07-22,2025-07-23,Tuesday,LONG,STOCK,MOMENTUM_CONTINUATION,UP,100,74.68,3.053,5202.34,2.595,135.0,HISTORY_TARGET,HISTORY_TARGET,13.745,0.0,26146.7,2025-30
IVZ,2025-07-22,2025-07-23,Tuesday,LONG,STOCK,MOMENTUM_CONTINUATION,UP,100,74.68,3.053,5202.34,2.595,135.0,HISTORY_TARGET,HISTORY_TARGET,8.034,0.0,26281.7,2025-30
DHI,2025-07-22,2025-07-23,Tuesday,LONG,STOCK,MOMENTUM_CONTINUATION,UP,100,74.68,3.053,5202.34,2.595,135.0,HISTORY_TARGET,HISTORY_TARGET,6.61,0.0,26416.7,2025-30
XYZ,2025-07-21,2025-07-24,Monday,LONG,STOCK,MOMENTUM_CONTINUATION,UP,100,74.68,3.053,5122.58,2.595,132.93,HISTORY_TARGET,HISTORY_TARGET,3.206,-0.445,26549.63,2025-30
BKR,2025-07-23,2025-07-24,Wednesday,LONG,STOCK,MOMENTUM_CONTINUATION,UP,100,74.68,3.053,5283.34,2.595,137.1,HISTORY_TARGET,HISTORY_TARGET,10.434,0.0,26686.73,2025-30
TEL,2025-07-23,2025-07-24,Wednesday,LONG,STOCK,MOMENTUM_CONTINUATION,UP,100,74.68,3.053,5283.34,2.595,137.1,HISTORY_TARGET,HISTORY_TARGET,10.283,0.0,26823.83,2025-30
IQV,2025-07-23,2025-07-24,Wednesday,LONG,STOCK,MOMENTUM_CONTINUATION,UP,100,74.68,3.053,5283.34,2.595,137.1,HISTORY_TARGET,HISTORY_TARGET,8.109,0.0,26960.94,2025-30
LITE,2025-07-21,2025-07-25,Monday,LONG,STOCK,MOMENTUM_CONTINUATION,UP,100,74.68,3.053,5122.58,2.25,115.26,FRIDAY_EXIT,FRIDAY_EXIT,2.358,-4.568,27076.19,2025-30
SMCI,2025-07-28,2025-07-29,Monday,LONG,STOCK,MOMENTUM_CONTINUATION,UP,100,74.68,3.053,5415.24,2.595,140.53,HISTORY_TARGET,HISTORY_TARGET,10.159,0.0,27216.72,2025-31
VRT,2025-07-28,2025-07-29,Monday,LONG,STOCK,MOMENTUM_CONTINUATION,UP,100,74.68,3.053,5415.24,2.595,140.53,HISTORY_TARGET,HISTORY_TARGET,5.168,0.0,27357.25,2025-31
TEL,2025-07-28,2025-07-29,Monday,LONG,STOCK,MOMENTUM_CONTINUATION,UP,100,74.68,3.053,5415.24,2.595,140.53,HISTORY_TARGET,HISTORY_TARGET,2.917,0.0,27497.77,2025-31
TMO,2025-07-28,2025-07-29,Monday,LONG,STOCK,MOMENTUM_CONTINUATION,UP,100,74.68,3.053,5415.24,2.595,140.53,HISTORY_TARGET,HISTORY_TARGET,2.751,0.0,27638.3,2025-31
INCY,2025-07-29,2025-07-30,Tuesday,LONG,STOCK,MOMENTUM_CONTINUATION,UP,100,74.68,3.053,5527.66,2.595,143.44,HISTORY_TARGET,HISTORY_TARGET,9.403,0.0,27781.74,2025-31
GLW,2025-07-29,2025-07-30,Tuesday,LONG,STOCK,MOMENTUM_CONTINUATION,UP,100,74.68,3.053,5527.66,2.595,143.44,HISTORY_TARGET,HISTORY_TARGET,7.355,0.0,27925.18,2025-31
CDNS,2025-07-29,2025-07-30,Tuesday,LONG,STOCK,MOMENTUM_CONTINUATION,UP,100,74.68,3.053,5527.66,2.595,143.44,HISTORY_TARGET,HISTORY_TARGET,5.366,0.0,28068.62,2025-31
CBRE,2025-07-29,2025-07-30,Tuesday,LONG,STOCK,MOMENTUM_CONTINUATION,UP,100,74.68,3.053,5527.66,2.595,143.44,HISTORY_TARGET,HISTORY_TARGET,4.623,0.0,28212.07,2025-31
FIX,2025-07-28,2025-07-31,Monday,LONG,STOCK,MOMENTUM_CONTINUATION,UP,100,74.68,3.053,5415.24,2.595,140.53,HISTORY_TARGET,HISTORY_TARGET,3.07,-2.009,28352.59,2025-31
GNRC,2025-07-30,2025-07-31,Wednesday,LONG,STOCK,MOMENTUM_CONTINUATION,UP,100,74.68,3.053,5642.41,2.595,146.42,HISTORY_TARGET,HISTORY_TARGET,19.503,0.0,28499.01,2025-31
SATS,2025-07-30,2025-07-31,Wednesday,LONG,STOCK,MOMENTUM_CONTINUATION,UP,100,74.68,3.053,5642.41,2.595,146.42,HISTORY_TARGET,HISTORY_TARGET,12.667,0.0,28645.43,2025-31
TER,2025-07-30,2025-07-31,Wednesday,LONG,STOCK,MOMENTUM_CONTINUATION,UP,100,74.68,3.053,5642.41,2.595,146.42,HISTORY_TARGET,HISTORY_TARGET,7.283,0.0,28791.86,2025-31
SMCI,2025-07-30,2025-07-31,Wednesday,LONG,STOCK,MOMENTUM_CONTINUATION,UP,100,74.68,3.053,5642.41,2.595,146.42,HISTORY_TARGET,HISTORY_TARGET,4.701,-1.847,28938.28,2025-31
MPWR,2025-08-04,2025-08-05,Monday,LONG,STOCK,MOMENTUM_CONTINUATION,UP,100,74.68,3.053,5787.66,2.595,150.19,HISTORY_TARGET,HISTORY_TARGET,5.436,-2.183,29088.47,2025-32
TER,2025-08-04,2025-08-05,Monday,LONG,STOCK,MOMENTUM_CONTINUATION,UP,100,74.68,3.053,5787.66,2.595,150.19,HISTORY_TARGET,HISTORY_TARGET,2.96,-0.476,29238.66,2025-32
CHRW,2025-08-04,2025-08-06,Monday,LONG,STOCK,MOMENTUM_CONTINUATION,UP,100,74.68,3.053,5787.66,2.595,150.19,HISTORY_TARGET,HISTORY_TARGET,3.511,0.0,29388.84,2025-32
AXON,2025-08-05,2025-08-06,Tuesday,LONG,STOCK,MOMENTUM_CONTINUATION,UP,100,74.68,3.053,5847.73,2.595,151.75,HISTORY_TARGET,HISTORY_TARGET,7.484,0.0,29540.59,2025-32
PLTR,2025-08-05,2025-08-06,Tuesday,LONG,STOCK,MOMENTUM_CONTINUATION,UP,100,74.68,3.053,5847.73,2.595,151.75,HISTORY_TARGET,HISTORY_TARGET,5.105,-0.466,29692.34,2025-32
PLTR,2025-08-06,2025-08-07,Wednesday,LONG,STOCK,MOMENTUM_CONTINUATION,UP,100,74.68,3.053,5938.47,2.595,154.1,HISTORY_TARGET,HISTORY_TARGET,7.773,0.0,29846.45,2025-32
AIZ,2025-08-06,2025-08-07,Wednesday,LONG,STOCK,MOMENTUM_CONTINUATION,UP,100,74.68,3.053,5938.47,2.595,154.1,HISTORY_TARGET,HISTORY_TARGET,7.138,0.0,30000.55,2025-32
ANET,2025-08-06,2025-08-07,Wednesday,LONG,STOCK,MOMENTUM_CONTINUATION,UP,100,74.68,3.053,5938.47,2.595,154.1,HISTORY_TARGET,HISTORY_TARGET,5.397,0.0,30154.65,2025-32
IDXX,2025-08-04,2025-08-08,Monday,LONG,STOCK,MOMENTUM_CONTINUATION,UP,100,74.68,3.053,5787.66,0.5,28.94,PROFIT_PROTECTION_PROXY,FRIDAY_EXIT,2.525,-5.865,30183.59,2025-32
GNRC,2025-08-04,2025-08-08,Monday,LONG,STOCK,MOMENTUM_CONTINUATION,UP,100,74.68,3.053,5787.66,0.5,28.94,PROFIT_PROTECTION_PROXY,FRIDAY_EXIT,2.329,-1.597,30212.53,2025-32
EA,2025-08-11,2025-08-12,Monday,LONG,STOCK,MOMENTUM_CONTINUATION,UP,100,74.68,3.053,6042.51,2.595,156.8,HISTORY_TARGET,HISTORY_TARGET,4.825,0.0,30369.33,2025-33
APP,2025-08-11,2025-08-12,Monday,LONG,STOCK,MOMENTUM_CONTINUATION,UP,100,74.68,3.053,6042.51,2.595,156.8,HISTORY_TARGET,HISTORY_TARGET,3.358,0.0,30526.13,2025-33
ANET,2025-08-11,2025-08-12,Monday,LONG,STOCK,MOMENTUM_CONTINUATION,UP,100,74.68,3.053,6042.51,2.595,156.8,HISTORY_TARGET,HISTORY_TARGET,2.686,0.0,30682.94,2025-33
ALB,2025-08-11,2025-08-12,Monday,LONG,STOCK,MOMENTUM_CONTINUATION,UP,100,74.68,3.053,6042.51,-8.0,-483.4,STOP_LOSS,STOP_LOSS,0.0,-11.006,30199.54,2025-33
LITE,2025-08-12,2025-08-13,Tuesday,LONG,STOCK,MOMENTUM_CONTINUATION,UP,100,74.68,3.053,6039.91,2.595,156.74,HISTORY_TARGET,HISTORY_TARGET,11.864,0.0,30356.27,2025-33
UAL,2025-08-12,2025-08-13,Tuesday,LONG,STOCK,MOMENTUM_CONTINUATION,UP,100,74.68,3.053,6039.91,2.595,156.74,HISTORY_TARGET,HISTORY_TARGET,8.773,0.0,30513.01,2025-33
VTRS,2025-08-12,2025-08-13,Tuesday,LONG,STOCK,MOMENTUM_CONTINUATION,UP,100,74.68,3.053,6039.91,2.595,156.74,HISTORY_TARGET,HISTORY_TARGET,5.348,0.0,30669.74,2025-33
CRH,2025-08-12,2025-08-13,Tuesday,LONG,STOCK,MOMENTUM_CONTINUATION,UP,100,74.68,3.053,6037.31,2.595,156.67,HISTORY_TARGET,HISTORY_TARGET,5.256,0.0,30826.41,2025-33
PSKY,2025-08-13,2025-08-14,Wednesday,LONG,STOCK,MOMENTUM_CONTINUATION,UP,100,74.68,3.053,6165.28,2.595,159.99,HISTORY_TARGET,HISTORY_TARGET,33.393,0.0,30986.4,2025-33
INCY,2025-08-13,2025-08-14,Wednesday,LONG,STOCK,MOMENTUM_CONTINUATION,UP,100,74.68,3.053,6165.28,2.595,159.99,HISTORY_TARGET,HISTORY_TARGET,5.746,0.0,31146.39,2025-33
VTRS,2025-08-13,2025-08-14,Wednesday,LONG,STOCK,MOMENTUM_CONTINUATION,UP,100,74.68,3.053,6165.28,2.595,159.99,HISTORY_TARGET,HISTORY_TARGET,5.709,0.0,31306.38,2025-33
TKO,2025-08-13,2025-08-14,Wednesday,LONG,STOCK,MOMENTUM_CONTINUATION,UP,100,74.68,3.053,6165.28,2.595,159.99,HISTORY_TARGET,HISTORY_TARGET,3.596,0.0,31466.37,2025-33
PLTR,2025-08-11,2025-08-15,Monday,LONG,STOCK,MOMENTUM_CONTINUATION,UP,100,74.68,3.053,6042.51,-4.987,-301.34,FRIDAY_EXIT,FRIDAY_EXIT,1.893,-7.02,31165.03,2025-33
FSLR,2025-08-18,2025-08-19,Monday,LONG,STOCK,MOMENTUM_CONTINUATION,UP,100,74.68,3.053,6233.01,2.595,161.75,HISTORY_TARGET,HISTORY_TARGET,4.755,-0.558,31326.77,2025-34
UAL,2025-08-18,2025-08-19,Monday,LONG,STOCK,MOMENTUM_CONTINUATION,UP,96,74.68,3.053,6233.01,2.595,161.75,HISTORY_TARGET,HISTORY_TARGET,3.292,0.0,31488.52,2025-34
PSKY,2025-08-18,2025-08-21,Monday,LONG,STOCK,MOMENTUM_CONTINUATION,UP,100,74.68,3.053,6233.01,2.595,161.75,HISTORY_TARGET,HISTORY_TARGET,18.805,-5.539,31650.27,2025-34
INTC,2025-08-19,2025-08-21,Tuesday,LONG,STOCK,MOMENTUM_CONTINUATION,UP,100,74.68,3.053,6297.7,-8.0,-503.82,STOP_LOSS,STOP_LOSS,0.0,-8.661,31146.45,2025-34
FSLR,2025-08-19,2025-08-21,Tuesday,LONG,STOCK,MOMENTUM_CONTINUATION,UP,100,74.68,3.053,6297.7,-8.0,-503.82,STOP_LOSS,STOP_LOSS,0.0,-11.113,30642.64,2025-34
UNH,2025-08-18,2025-08-22,Monday,LONG,STOCK,MOMENTUM_CONTINUATION,UP,100,74.68,3.053,6233.01,-1.839,-114.62,FRIDAY_EXIT,FRIDAY_EXIT,0.0,-5.581,30528.01,2025-34
INCY,2025-08-18,2025-08-22,Monday,LONG,STOCK,MOMENTUM_CONTINUATION,UP,96,74.68,3.053,6233.01,-1.937,-120.73,FRIDAY_EXIT,FRIDAY_EXIT,0.323,-2.502,30407.28,2025-34
TER,2025-08-25,2025-08-26,Monday,LONG,STOCK,MOMENTUM_CONTINUATION,UP,95,74.68,3.053,6081.46,2.595,157.81,HISTORY_TARGET,HISTORY_TARGET,4.2,0.0,30565.09,2025-35
WYNN,2025-08-25,2025-08-26,Monday,LONG,STOCK,MOMENTUM_CONTINUATION,UP,88,74.68,3.053,6081.46,2.595,157.81,HISTORY_TARGET,HISTORY_TARGET,3.34,0.0,30722.9,2025-35
APA,2025-08-25,2025-08-26,Monday,LONG,STOCK,MOMENTUM_CONTINUATION,UP,85,74.68,3.053,6081.46,2.595,157.81,HISTORY_TARGET,HISTORY_TARGET,3.095,0.0,30880.72,2025-35
PSKY,2025-08-25,2025-08-27,Monday,LONG,STOCK,MOMENTUM_CONTINUATION,UP,100,74.68,3.053,6081.46,-8.0,-486.52,STOP_LOSS,STOP_LOSS,0.0,-8.045,30394.2,2025-35
SATS,2025-08-26,2025-08-27,Tuesday,LONG,STOCK,MOMENTUM_CONTINUATION,UP,100,74.68,3.053,6176.14,2.595,160.27,HISTORY_TARGET,HISTORY_TARGET,10.22,-0.388,30554.47,2025-35
APP,2025-08-26,2025-08-27,Tuesday,LONG,STOCK,MOMENTUM_CONTINUATION,UP,100,74.68,3.053,6176.14,2.595,160.27,HISTORY_TARGET,HISTORY_TARGET,6.02,0.0,30714.74,2025-35
SATS,2025-08-27,2025-08-28,Wednesday,LONG,STOCK,MOMENTUM_CONTINUATION,UP,100,74.68,3.053,6142.95,2.595,159.41,HISTORY_TARGET,HISTORY_TARGET,8.359,0.0,30874.15,2025-35
ALB,2025-08-27,2025-08-28,Wednesday,LONG,STOCK,MOMENTUM_CONTINUATION,UP,100,74.68,3.053,6142.95,2.595,159.41,HISTORY_TARGET,HISTORY_TARGET,6.75,0.0,31033.56,2025-35
APP,2025-08-27,2025-08-28,Wednesday,LONG,STOCK,MOMENTUM_CONTINUATION,UP,100,74.68,3.053,6142.95,2.595,159.41,HISTORY_TARGET,HISTORY_TARGET,4.2,-1.279,31192.97,2025-35
BG,2025-08-25,2025-08-29,Monday,LONG,STOCK,MOMENTUM_CONTINUATION,UP,91,74.68,3.053,6081.46,-3.429,-208.53,FRIDAY_EXIT,FRIDAY_EXIT,0.619,-3.773,30984.44,2025-35
TER,2025-08-26,2025-08-29,Tuesday,LONG,STOCK,MOMENTUM_CONTINUATION,UP,100,74.68,3.053,6176.14,2.595,160.27,HISTORY_TARGET,HISTORY_TARGET,2.991,0.0,31144.71,2025-35
SATS,2025-09-02,2025-09-03,Tuesday,LONG,STOCK,MOMENTUM_CONTINUATION,UP,100,74.68,3.053,6228.94,2.595,161.64,HISTORY_TARGET,HISTORY_TARGET,7.056,0.0,31306.35,2025-36
SNDK,2025-09-02,2025-09-03,Tuesday,LONG,STOCK,MOMENTUM_CONTINUATION,UP,94,74.68,3.053,6228.94,2.595,161.64,HISTORY_TARGET,HISTORY_TARGET,4.342,-0.706,31467.99,2025-36
APP,2025-09-02,2025-09-03,Tuesday,LONG,STOCK,MOMENTUM_CONTINUATION,UP,91,74.68,3.053,6228.94,2.595,161.64,HISTORY_TARGET,HISTORY_TARGET,7.731,0.0,31629.63,2025-36
ADSK,2025-09-02,2025-09-03,Tuesday,LONG,STOCK,MOMENTUM_CONTINUATION,UP,91,74.68,3.053,6228.94,2.595,161.64,HISTORY_TARGET,HISTORY_TARGET,3.626,0.0,31791.27,2025-36
SNDK,2025-09-03,2025-09-04,Wednesday,LONG,STOCK,MOMENTUM_CONTINUATION,UP,100,74.68,3.053,6358.25,2.595,165.0,HISTORY_TARGET,HISTORY_TARGET,20.666,0.0,31956.27,2025-36
SATS,2025-09-03,2025-09-04,Wednesday,LONG,STOCK,MOMENTUM_CONTINUATION,UP,100,74.68,3.053,6358.25,2.595,165.0,HISTORY_TARGET,HISTORY_TARGET,3.535,-2.567,32121.27,2025-36
GOOGL,2025-09-03,2025-09-04,Wednesday,LONG,STOCK,MOMENTUM_CONTINUATION,UP,100,74.68,3.053,6358.25,2.595,165.0,HISTORY_TARGET,HISTORY_TARGET,2.723,-0.044,32286.26,2025-36
LITE,2025-09-03,2025-09-04,Wednesday,LONG,STOCK,MOMENTUM_CONTINUATION,UP,99,74.68,3.053,6358.25,2.595,165.0,HISTORY_TARGET,HISTORY_TARGET,7.307,0.0,32451.26,2025-36
NEM,2025-09-02,2025-09-05,Tuesday,LONG,STOCK,MOMENTUM_CONTINUATION,UP,91,74.68,3.053,6228.94,2.595,161.64,HISTORY_TARGET,HISTORY_TARGET,3.108,-2.041,32612.9,2025-36
SATS,2025-09-08,2025-09-09,Monday,LONG,STOCK,MOMENTUM_CONTINUATION,UP,100,74.68,3.053,6522.58,2.595,169.26,HISTORY_TARGET,HISTORY_TARGET,4.71,-2.833,32782.16,2025-37
APP,2025-09-08,2025-09-09,Monday,LONG,STOCK,MOMENTUM_CONTINUATION,UP,100,74.68,3.053,6522.58,2.595,169.26,HISTORY_TARGET,HISTORY_TARGET,4.127,0.0,32951.42,2025-37
LITE,2025-09-08,2025-09-10,Monday,LONG,STOCK,MOMENTUM_CONTINUATION,UP,100,74.68,3.053,6522.58,2.595,169.26,HISTORY_TARGET,HISTORY_TARGET,11.239,-1.974,33120.68,2025-37
AVGO,2025-09-08,2025-09-10,Monday,LONG,STOCK,MOMENTUM_CONTINUATION,UP,100,74.68,3.053,6522.58,2.595,169.26,HISTORY_TARGET,HISTORY_TARGET,8.817,-2.019,33289.95,2025-37
CIEN,2025-09-09,2025-09-10,Tuesday,LONG,STOCK,MOMENTUM_CONTINUATION,UP,100,74.68,3.053,6590.28,2.595,171.02,HISTORY_TARGET,HISTORY_TARGET,10.42,0.0,33460.96,2025-37
SNDK,2025-09-09,2025-09-10,Tuesday,LONG,STOCK,MOMENTUM_CONTINUATION,UP,100,74.68,3.053,6590.28,2.595,171.02,HISTORY_TARGET,HISTORY_TARGET,6.02,0.0,33631.98,2025-37
STX,2025-09-08,2025-09-11,Monday,LONG,STOCK,MOMENTUM_CONTINUATION,UP,100,74.68,3.053,6522.58,2.595,169.26,HISTORY_TARGET,HISTORY_TARGET,4.869,-1.047,33801.24,2025-37
SNDK,2025-09-10,2025-09-11,Wednesday,LONG,STOCK,MOMENTUM_CONTINUATION,UP,100,74.68,3.053,6726.4,2.595,174.55,HISTORY_TARGET,HISTORY_TARGET,18.6,0.0,33975.79,2025-37
CIEN,2025-09-10,2025-09-11,Wednesday,LONG,STOCK,MOMENTUM_CONTINUATION,UP,100,74.68,3.053,6726.4,2.595,174.55,HISTORY_TARGET,HISTORY_TARGET,8.481,0.0,34150.34,2025-37
AVGO,2025-09-10,2025-09-11,Wednesday,LONG,STOCK,MOMENTUM_CONTINUATION,UP,100,74.68,3.053,6726.4,2.595,174.55,HISTORY_TARGET,HISTORY_TARGET,6.461,0.0,34324.89,2025-37
LITE,2025-09-10,2025-09-11,Wednesday,LONG,STOCK,MOMENTUM_CONTINUATION,UP,100,74.68,3.053,6726.4,2.595,174.55,HISTORY_TARGET,HISTORY_TARGET,5.332,0.0,34499.44,2025-37
SNDK,2025-09-15,2025-09-16,Monday,LONG,STOCK,MOMENTUM_CONTINUATION,UP,100,74.68,3.053,6899.89,2.595,179.05,HISTORY_TARGET,HISTORY_TARGET,9.179,0.0,34678.49,2025-38
STX,2025-09-15,2025-09-16,Monday,LONG,STOCK,MOMENTUM_CONTINUATION,UP,100,74.68,3.053,6899.89,2.595,179.05,HISTORY_TARGET,HISTORY_TARGET,7.6,0.0,34857.55,2025-38
LITE,2025-09-15,2025-09-16,Monday,LONG,STOCK,MOMENTUM_CONTINUATION,UP,100,74.68,3.053,6899.89,2.595,179.05,HISTORY_TARGET,HISTORY_TARGET,5.016,0.0,35036.6,2025-38
ORCL,2025-09-15,2025-09-16,Monday,LONG,STOCK,MOMENTUM_CONTINUATION,UP,100,74.68,3.053,6899.89,2.595,179.05,HISTORY_TARGET,HISTORY_TARGET,4.412,-1.364,35215.65,2025-38
APA,2025-09-16,2025-09-17,Tuesday,LONG,STOCK,MOMENTUM_CONTINUATION,UP,100,74.68,3.053,7043.13,2.595,182.77,HISTORY_TARGET,HISTORY_TARGET,7.484,0.0,35398.42,2025-38
SNDK,2025-09-16,2025-09-17,Tuesday,LONG,STOCK,MOMENTUM_CONTINUATION,UP,100,74.68,3.053,7043.13,2.595,182.77,HISTORY_TARGET,HISTORY_TARGET,4.983,-0.1,35581.19,2025-38
APP,2025-09-16,2025-09-17,Tuesday,LONG,STOCK,MOMENTUM_CONTINUATION,UP,100,74.68,3.053,7043.13,2.595,182.77,HISTORY_TARGET,HISTORY_TARGET,2.847,-1.587,35763.96,2025-38
MU,2025-09-15,2025-09-18,Monday,LONG,STOCK,MOMENTUM_CONTINUATION,UP,100,74.68,3.053,6899.89,2.595,179.05,HISTORY_TARGET,HISTORY_TARGET,8.595,-1.083,35943.01,2025-38
STX,2025-09-16,2025-09-18,Tuesday,LONG,STOCK,MOMENTUM_CONTINUATION,UP,100,74.68,3.053,7043.13,2.595,182.77,HISTORY_TARGET,HISTORY_TARGET,3.895,-2.385,36125.78,2025-38
SNDK,2025-09-17,2025-09-18,Wednesday,LONG,STOCK,MOMENTUM_CONTINUATION,UP,100,74.68,3.053,7152.79,2.595,185.61,HISTORY_TARGET,HISTORY_TARGET,13.39,0.0,36311.39,2025-38
LRCX,2025-09-17,2025-09-18,Wednesday,LONG,STOCK,MOMENTUM_CONTINUATION,UP,100,74.68,3.053,7152.79,2.595,185.61,HISTORY_TARGET,HISTORY_TARGET,6.522,0.0,36497.01,2025-38
APP,2025-09-17,2025-09-18,Wednesday,LONG,STOCK,MOMENTUM_CONTINUATION,UP,100,74.68,3.053,7152.79,2.595,185.61,HISTORY_TARGET,HISTORY_TARGET,4.856,0.0,36682.62,2025-38
TER,2025-09-22,2025-09-23,Monday,LONG,STOCK,MOMENTUM_CONTINUATION,UP,100,74.68,3.053,7336.52,2.595,190.38,HISTORY_TARGET,HISTORY_TARGET,9.315,0.0,36873.01,2025-39
WDC,2025-09-22,2025-09-23,Monday,LONG,STOCK,MOMENTUM_CONTINUATION,UP,100,74.68,3.053,7336.52,2.595,190.38,HISTORY_TARGET,HISTORY_TARGET,6.11,0.0,37063.39,2025-39
AMAT,2025-09-22,2025-09-23,Monday,LONG,STOCK,MOMENTUM_CONTINUATION,UP,100,74.68,3.053,7336.52,2.595,190.38,HISTORY_TARGET,HISTORY_TARGET,5.647,0.0,37253.77,2025-39
ORCL,2025-09-22,2025-09-23,Monday,LONG,STOCK,MOMENTUM_CONTINUATION,UP,100,74.68,3.053,7336.52,2.595,190.38,HISTORY_TARGET,HISTORY_TARGET,4.964,0.0,37444.16,2025-39
INTC,2025-09-22,2025-09-24,Monday,LONG,STOCK,MOMENTUM_CONTINUATION,UP,100,74.68,3.053,7336.52,2.595,190.38,HISTORY_TARGET,HISTORY_TARGET,6.842,-2.865,37634.54,2025-39
PSKY,2025-09-23,2025-09-24,Tuesday,LONG,STOCK,MOMENTUM_CONTINUATION,UP,100,74.68,3.053,7488.83,2.595,194.34,HISTORY_TARGET,HISTORY_TARGET,7.277,0.0,37828.87,2025-39
APP,2025-09-23,2025-09-24,Tuesday,LONG,STOCK,MOMENTUM_CONTINUATION,UP,100,74.68,3.053,7488.83,2.595,194.34,HISTORY_TARGET,HISTORY_TARGET,3.354,-0.858,38023.21,2025-39
WBD,2025-09-23,2025-09-25,Tuesday,LONG,STOCK,MOMENTUM_CONTINUATION,UP,100,74.68,3.053,7488.83,2.595,194.34,HISTORY_TARGET,HISTORY_TARGET,3.055,-2.342,38217.54,2025-39
INTC,2025-09-24,2025-09-25,Wednesday,LONG,STOCK,MOMENTUM_CONTINUATION,UP,100,74.68,3.053,7604.64,2.595,197.34,HISTORY_TARGET,HISTORY_TARGET,16.576,0.0,38414.88,2025-39
SNDK,2025-09-24,2025-09-25,Wednesday,LONG,STOCK,MOMENTUM_CONTINUATION,UP,100,74.68,3.053,7604.64,-8.0,-608.37,STOP_LOSS,STOP_LOSS,0.0,-9.676,37806.51,2025-39
AMAT,2025-09-23,2025-09-26,Tuesday,LONG,STOCK,MOMENTUM_CONTINUATION,UP,100,74.68,3.053,7488.83,1.337,100.13,FRIDAY_EXIT,FRIDAY_EXIT,1.973,-2.5,37906.64,2025-39
WDC,2025-09-24,2025-09-26,Wednesday,LONG,STOCK,MOMENTUM_CONTINUATION,UP,100,74.68,3.053,7604.64,-3.573,-271.71,FRIDAY_EXIT,FRIDAY_EXIT,0.0,-4.89,37634.93,2025-39
HOOD,2025-09-29,2025-09-30,Monday,LONG,STOCK,MOMENTUM_CONTINUATION,UP,100,74.68,3.053,7526.99,2.595,195.33,HISTORY_TARGET,HISTORY_TARGET,16.028,0.0,37830.25,2025-40
SNDK,2025-09-29,2025-09-30,Monday,LONG,STOCK,MOMENTUM_CONTINUATION,UP,100,74.68,3.053,7526.99,2.595,195.33,HISTORY_TARGET,HISTORY_TARGET,15.818,0.0,38025.58,2025-40
WDC,2025-09-29,2025-09-30,Monday,LONG,STOCK,MOMENTUM_CONTINUATION,UP,100,74.68,3.053,7526.99,2.595,195.33,HISTORY_TARGET,HISTORY_TARGET,9.436,0.0,38220.9,2025-40
APP,2025-09-29,2025-09-30,Monday,LONG,STOCK,MOMENTUM_CONTINUATION,UP,100,74.68,3.053,7526.99,2.595,195.33,HISTORY_TARGET,HISTORY_TARGET,5.13,0.0,38416.23,2025-40
INTC,2025-09-29,2025-10-01,Monday,LONG,STOCK,MOMENTUM_CONTINUATION,UP,100,74.68,3.053,7526.99,2.595,195.33,HISTORY_TARGET,HISTORY_TARGET,4.461,-4.345,38611.55,2025-40
WDC,2025-09-30,2025-10-01,Tuesday,LONG,STOCK,MOMENTUM_CONTINUATION,UP,100,74.68,3.053,7683.25,2.595,199.38,HISTORY_TARGET,HISTORY_TARGET,11.298,-0.255,38810.93,2025-40
SNDK,2025-09-30,2025-10-01,Tuesday,LONG,STOCK,MOMENTUM_CONTINUATION,UP,100,74.68,3.053,7683.25,2.595,199.38,HISTORY_TARGET,HISTORY_TARGET,8.545,-1.84,39010.31,2025-40
HOOD,2025-09-30,2025-10-01,Tuesday,LONG,STOCK,MOMENTUM_CONTINUATION,UP,100,74.68,3.053,7683.25,2.595,199.38,HISTORY_TARGET,HISTORY_TARGET,5.528,0.0,39209.69,2025-40
SNDK,2025-10-01,2025-10-02,Wednesday,LONG,STOCK,MOMENTUM_CONTINUATION,UP,100,74.68,3.053,7841.94,2.595,203.5,HISTORY_TARGET,HISTORY_TARGET,17.009,0.0,39413.19,2025-40
WDC,2025-10-01,2025-10-02,Wednesday,LONG,STOCK,MOMENTUM_CONTINUATION,UP,100,74.68,3.053,7841.94,2.595,203.5,HISTORY_TARGET,HISTORY_TARGET,16.263,0.0,39616.69,2025-40
STX,2025-10-01,2025-10-02,Wednesday,LONG,STOCK,MOMENTUM_CONTINUATION,UP,100,74.68,3.053,7841.94,2.595,203.5,HISTORY_TARGET,HISTORY_TARGET,13.011,0.0,39820.19,2025-40
MU,2025-10-01,2025-10-02,Wednesday,LONG,STOCK,MOMENTUM_CONTINUATION,UP,100,74.68,3.053,7841.94,2.595,203.5,HISTORY_TARGET,HISTORY_TARGET,12.428,0.0,40023.69,2025-40
APP,2025-09-30,2025-10-03,Tuesday,LONG,STOCK,MOMENTUM_CONTINUATION,UP,100,74.68,3.053,7683.25,0.5,38.42,PROFIT_PROTECTION_PROXY,FRIDAY_EXIT,2.032,-5.586,40062.1,2025-40
SMCI,2025-10-06,2025-10-07,Monday,LONG,STOCK,MOMENTUM_CONTINUATION,UP,100,74.68,3.053,8012.42,2.595,207.92,HISTORY_TARGET,HISTORY_TARGET,6.287,-0.888,40270.02,2025-41
AMD,2025-10-06,2025-10-08,Monday,LONG,STOCK,MOMENTUM_CONTINUATION,UP,100,74.68,3.053,8012.42,2.595,207.92,HISTORY_TARGET,HISTORY_TARGET,4.16,-7.582,40477.95,2025-41
DELL,2025-10-07,2025-10-08,Tuesday,LONG,STOCK,MOMENTUM_CONTINUATION,UP,100,74.68,3.053,8054.0,2.595,209.0,HISTORY_TARGET,HISTORY_TARGET,8.704,0.0,40686.95,2025-41
AMD,2025-10-08,2025-10-09,Wednesday,LONG,STOCK,MOMENTUM_CONTINUATION,UP,100,74.68,3.053,8137.39,2.595,211.17,HISTORY_TARGET,HISTORY_TARGET,12.749,0.0,40898.11,2025-41
SNDK,2025-10-08,2025-10-09,Wednesday,LONG,STOCK,MOMENTUM_CONTINUATION,UP,100,74.68,3.053,8137.39,2.595,211.17,HISTORY_TARGET,HISTORY_TARGET,8.317,0.0,41109.28,2025-41
INTC,2025-10-06,2025-10-10,Monday,LONG,STOCK,MOMENTUM_CONTINUATION,UP,100,74.68,3.053,8012.42,2.595,207.92,HISTORY_TARGET,HISTORY_TARGET,6.615,-3.442,41317.2,2025-41
COIN,2025-10-06,2025-10-10,Monday,LONG,STOCK,MOMENTUM_CONTINUATION,UP,100,74.68,3.053,8012.42,-8.0,-640.99,STOP_LOSS,STOP_LOSS,3.031,-9.915,40676.21,2025-41
LLY,2025-10-06,2025-10-10,Monday,LONG,STOCK,MOMENTUM_CONTINUATION,UP,100,74.68,3.053,8012.42,2.595,207.92,HISTORY_TARGET,HISTORY_TARGET,2.905,-1.172,40884.13,2025-41
VRT,2025-10-13,2025-10-14,Monday,LONG,STOCK,MOMENTUM_CONTINUATION,UP,100,74.68,3.053,8176.83,2.595,212.19,HISTORY_TARGET,HISTORY_TARGET,3.903,-3.891,41096.32,2025-42
SNDK,2025-10-13,2025-10-15,Monday,LONG,STOCK,MOMENTUM_CONTINUATION,UP,100,74.68,3.053,8176.83,2.595,212.19,HISTORY_TARGET,HISTORY_TARGET,11.415,-6.767,41308.51,2025-42
AMD,2025-10-13,2025-10-15,Monday,LONG,STOCK,MOMENTUM_CONTINUATION,UP,100,74.68,3.053,8176.83,2.595,212.19,HISTORY_TARGET,HISTORY_TARGET,8.647,-1.953,41520.7,2025-42
INTC,2025-10-13,2025-10-15,Monday,LONG,STOCK,MOMENTUM_CONTINUATION,UP,100,74.68,3.053,8176.83,2.595,212.19,HISTORY_TARGET,HISTORY_TARGET,2.881,-4.802,41732.88,2025-42
CIEN,2025-10-13,2025-10-15,Monday,LONG,STOCK,MOMENTUM_CONTINUATION,UP,94,74.68,3.053,8176.83,2.595,212.19,HISTORY_TARGET,HISTORY_TARGET,5.439,-3.043,41945.07,2025-42
VRT,2025-10-14,2025-10-15,Tuesday,LONG,STOCK,MOMENTUM_CONTINUATION,UP,100,74.68,3.053,8219.26,2.595,213.29,HISTORY_TARGET,HISTORY_TARGET,6.582,0.0,42158.36,2025-42
SNDK,2025-10-15,2025-10-16,Wednesday,LONG,STOCK,MOMENTUM_CONTINUATION,UP,100,74.68,3.053,8431.67,2.595,218.8,HISTORY_TARGET,HISTORY_TARGET,10.642,0.0,42377.16,2025-42
BG,2025-10-15,2025-10-16,Wednesday,LONG,STOCK,MOMENTUM_CONTINUATION,UP,100,74.68,3.053,8431.67,2.595,218.8,HISTORY_TARGET,HISTORY_TARGET,10.497,0.0,42595.97,2025-42
AMD,2025-10-15,2025-10-16,Wednesday,LONG,STOCK,MOMENTUM_CONTINUATION,UP,100,74.68,3.053,8431.67,2.595,218.8,HISTORY_TARGET,HISTORY_TARGET,8.302,0.0,42814.77,2025-42
CEG,2025-10-15,2025-10-16,Wednesday,LONG,STOCK,MOMENTUM_CONTINUATION,UP,100,74.68,3.053,8431.67,2.595,218.8,HISTORY_TARGET,HISTORY_TARGET,3.707,-0.568,43033.57,2025-42
VRT,2025-10-15,2025-10-17,Wednesday,LONG,STOCK,MOMENTUM_CONTINUATION,UP,97,74.68,3.053,8431.67,-3.333,-281.03,FRIDAY_EXIT,FRIDAY_EXIT,1.667,-5.389,42752.54,2025-42
SNDK,2025-10-20,2025-10-21,Monday,LONG,STOCK,MOMENTUM_CONTINUATION,UP,100,74.68,3.053,8550.51,2.595,221.89,HISTORY_TARGET,HISTORY_TARGET,2.863,-2.206,42974.43,2025-43
HAL,2025-10-21,2025-10-22,Tuesday,LONG,STOCK,MOMENTUM_CONTINUATION,UP,100,74.68,3.053,8594.89,2.595,223.04,HISTORY_TARGET,HISTORY_TARGET,8.425,0.0,43197.47,2025-43
JBHT,2025-10-20,2025-10-23,Monday,LONG,STOCK,MOMENTUM_CONTINUATION,UP,100,74.68,3.053,8550.51,2.595,221.89,HISTORY_TARGET,HISTORY_TARGET,3.641,-1.118,43419.35,2025-43
AVY,2025-10-22,2025-10-23,Wednesday,LONG,STOCK,MOMENTUM_CONTINUATION,UP,100,74.68,3.053,8639.49,2.595,224.19,HISTORY_TARGET,HISTORY_TARGET,13.603,0.0,43643.55,2025-43
AMD,2025-10-20,2025-10-24,Monday,LONG,STOCK,MOMENTUM_CONTINUATION,UP,100,74.68,3.053,8550.51,2.595,221.89,HISTORY_TARGET,HISTORY_TARGET,7.155,-4.901,43865.43,2025-43
BG,2025-10-20,2025-10-24,Monday,LONG,STOCK,MOMENTUM_CONTINUATION,UP,100,74.68,3.053,8550.51,-0.204,-17.44,FRIDAY_EXIT,FRIDAY_EXIT,0.0,-4.816,43847.99,2025-43
EL,2025-10-20,2025-10-24,Monday,LONG,STOCK,MOMENTUM_CONTINUATION,UP,99,74.68,3.053,8550.51,-1.409,-120.48,FRIDAY_EXIT,FRIDAY_EXIT,0.0,-5.877,43727.51,2025-43
QCOM,2025-10-27,2025-10-28,Monday,LONG,STOCK,MOMENTUM_CONTINUATION,UP,100,74.68,3.053,8745.5,2.595,226.95,HISTORY_TARGET,HISTORY_TARGET,10.038,0.0,43954.46,2025-44
LITE,2025-10-27,2025-10-28,Monday,LONG,STOCK,MOMENTUM_CONTINUATION,UP,100,74.68,3.053,8745.5,2.595,226.95,HISTORY_TARGET,HISTORY_TARGET,3.197,-2.753,44181.4,2025-44
VRT,2025-10-27,2025-10-28,Monday,LONG,STOCK,MOMENTUM_CONTINUATION,UP,100,74.68,3.053,8745.5,2.595,226.95,HISTORY_TARGET,HISTORY_TARGET,3.008,-2.09,44408.35,2025-44
COHR,2025-10-27,2025-10-29,Monday,LONG,STOCK,MOMENTUM_CONTINUATION,UP,100,74.68,3.053,8745.5,2.595,226.95,HISTORY_TARGET,HISTORY_TARGET,6.163,-1.329,44635.3,2025-44
MU,2025-10-27,2025-10-29,Monday,LONG,STOCK,MOMENTUM_CONTINUATION,UP,100,74.68,3.053,8745.5,2.595,226.95,HISTORY_TARGET,HISTORY_TARGET,3.376,-3.225,44862.24,2025-44
SNDK,2025-10-28,2025-10-29,Tuesday,LONG,STOCK,MOMENTUM_CONTINUATION,UP,100,74.68,3.053,8881.67,2.595,230.48,HISTORY_TARGET,HISTORY_TARGET,17.18,0.0,45092.72,2025-44
LITE,2025-10-28,2025-10-29,Tuesday,LONG,STOCK,MOMENTUM_CONTINUATION,UP,100,74.68,3.053,8881.67,2.595,230.48,HISTORY_TARGET,HISTORY_TARGET,10.675,0.0,45323.2,2025-44
REGN,2025-10-28,2025-10-29,Tuesday,LONG,STOCK,MOMENTUM_CONTINUATION,UP,100,74.68,3.053,8881.67,2.595,230.48,HISTORY_TARGET,HISTORY_TARGET,7.836,0.0,45553.68,2025-44
STX,2025-10-29,2025-10-30,Wednesday,LONG,STOCK,MOMENTUM_CONTINUATION,UP,100,74.68,3.053,9110.74,2.595,236.42,HISTORY_TARGET,HISTORY_TARGET,14.119,0.0,45790.1,2025-44
SNDK,2025-10-29,2025-10-30,Wednesday,LONG,STOCK,MOMENTUM_CONTINUATION,UP,100,74.68,3.053,9110.74,2.595,236.42,HISTORY_TARGET,HISTORY_TARGET,9.777,0.0,46026.53,2025-44
CAT,2025-10-29,2025-10-30,Wednesday,LONG,STOCK,MOMENTUM_CONTINUATION,UP,100,74.68,3.053,9110.74,2.595,236.42,HISTORY_TARGET,HISTORY_TARGET,6.376,0.0,46262.95,2025-44
LITE,2025-10-29,2025-10-30,Wednesday,LONG,STOCK,MOMENTUM_CONTINUATION,UP,100,74.68,3.053,9110.74,2.595,236.42,HISTORY_TARGET,HISTORY_TARGET,5.893,-1.268,46499.37,2025-44
TER,2025-10-29,2025-10-30,Wednesday,LONG,STOCK,MOMENTUM_CONTINUATION,UP,100,74.68,3.053,9110.74,2.595,236.42,HISTORY_TARGET,HISTORY_TARGET,5.411,0.0,46735.8,2025-44
INCY,2025-11-03,2025-11-04,Monday,LONG,STOCK,MOMENTUM_CONTINUATION,UP,100,74.68,3.053,9347.16,2.595,242.56,HISTORY_TARGET,HISTORY_TARGET,10.548,0.0,46978.36,2025-45
IDXX,2025-11-03,2025-11-04,Monday,LONG,STOCK,MOMENTUM_CONTINUATION,UP,100,74.68,3.053,9347.16,2.595,242.56,HISTORY_TARGET,HISTORY_TARGET,4.834,0.0,47220.91,2025-45
CAH,2025-11-03,2025-11-04,Monday,LONG,STOCK,MOMENTUM_CONTINUATION,UP,100,74.68,3.053,9347.16,2.595,242.56,HISTORY_TARGET,HISTORY_TARGET,3.083,-0.717,47463.47,2025-45
WDC,2025-11-03,2025-11-05,Monday,LONG,STOCK,MOMENTUM_CONTINUATION,UP,100,74.68,3.053,9347.16,2.595,242.56,HISTORY_TARGET,HISTORY_TARGET,8.759,-1.348,47706.03,2025-45
TER,2025-11-03,2025-11-05,Monday,LONG,STOCK,MOMENTUM_CONTINUATION,UP,100,74.68,3.053,9347.16,2.595,242.56,HISTORY_TARGET,HISTORY_TARGET,3.365,-4.207,47948.59,2025-45
SNDK,2025-11-04,2025-11-05,Tuesday,LONG,STOCK,MOMENTUM_CONTINUATION,UP,100,74.68,3.053,9492.69,2.595,246.34,HISTORY_TARGET,HISTORY_TARGET,16.374,0.0,48194.93,2025-45
EXPD,2025-11-04,2025-11-05,Tuesday,LONG,STOCK,MOMENTUM_CONTINUATION,UP,100,74.68,3.053,9492.69,2.595,246.34,HISTORY_TARGET,HISTORY_TARGET,8.338,0.0,48441.26,2025-45
CAH,2025-11-04,2025-11-05,Tuesday,LONG,STOCK,MOMENTUM_CONTINUATION,UP,100,74.68,3.053,9492.69,2.595,246.34,HISTORY_TARGET,HISTORY_TARGET,5.099,0.0,48687.6,2025-45
LITE,2025-11-05,2025-11-06,Wednesday,LONG,STOCK,MOMENTUM_CONTINUATION,UP,100,74.68,3.053,9737.52,2.595,252.69,HISTORY_TARGET,HISTORY_TARGET,18.238,0.0,48940.29,2025-45
SNDK,2025-11-05,2025-11-06,Wednesday,LONG,STOCK,MOMENTUM_CONTINUATION,UP,100,74.68,3.053,9737.52,2.595,252.69,HISTORY_TARGET,HISTORY_TARGET,12.195,0.0,49192.97,2025-45
WDC,2025-11-05,2025-11-06,Wednesday,LONG,STOCK,MOMENTUM_CONTINUATION,UP,100,74.68,3.053,9737.52,2.595,252.69,HISTORY_TARGET,HISTORY_TARGET,9.334,0.0,49445.66,2025-45
DD,2025-11-05,2025-11-06,Wednesday,LONG,STOCK,MOMENTUM_CONTINUATION,UP,100,74.68,3.053,9737.52,2.595,252.69,HISTORY_TARGET,HISTORY_TARGET,5.331,0.0,49698.35,2025-45
INCY,2025-11-05,2025-11-06,Wednesday,LONG,STOCK,MOMENTUM_CONTINUATION,UP,100,74.68,3.053,9737.52,2.595,252.69,HISTORY_TARGET,HISTORY_TARGET,4.435,0.0,49951.04,2025-45
SNDK,2025-11-10,2025-11-11,Monday,LONG,STOCK,MOMENTUM_CONTINUATION,UP,100,74.68,3.053,9990.21,2.595,259.25,HISTORY_TARGET,HISTORY_TARGET,11.688,0.0,50210.29,2025-46
AKAM,2025-11-10,2025-11-11,Monday,LONG,STOCK,MOMENTUM_CONTINUATION,UP,100,74.68,3.053,9990.21,2.595,259.25,HISTORY_TARGET,HISTORY_TARGET,9.772,0.0,50469.53,2025-46
WDC,2025-11-10,2025-11-11,Monday,LONG,STOCK,MOMENTUM_CONTINUATION,UP,100,74.68,3.053,9990.21,2.595,259.25,HISTORY_TARGET,HISTORY_TARGET,4.989,-0.194,50728.78,2025-46
DDOG,2025-11-10,2025-11-11,Monday,LONG,STOCK,MOMENTUM_CONTINUATION,UP,100,74.68,3.053,9990.21,2.595,259.25,HISTORY_TARGET,HISTORY_TARGET,4.551,0.0,50988.02,2025-46
LITE,2025-11-10,2025-11-12,Monday,LONG,STOCK,MOMENTUM_CONTINUATION,UP,100,74.68,3.053,9990.21,2.595,259.25,HISTORY_TARGET,HISTORY_TARGET,5.155,-3.065,51247.27,2025-46
SNDK,2025-11-11,2025-11-12,Tuesday,LONG,STOCK,MOMENTUM_CONTINUATION,UP,100,74.68,3.053,10197.6,2.595,264.63,HISTORY_TARGET,HISTORY_TARGET,8.567,0.0,51511.9,2025-46
AKAM,2025-11-11,2025-11-12,Tuesday,LONG,STOCK,MOMENTUM_CONTINUATION,UP,100,74.68,3.053,10197.6,2.595,264.63,HISTORY_TARGET,HISTORY_TARGET,5.52,0.0,51776.53,2025-46
EXPE,2025-11-11,2025-11-12,Tuesday,LONG,STOCK,MOMENTUM_CONTINUATION,UP,100,74.68,3.053,10197.6,2.595,264.63,HISTORY_TARGET,HISTORY_TARGET,3.444,-0.343,52041.15,2025-46
WDC,2025-11-11,2025-11-13,Tuesday,LONG,STOCK,MOMENTUM_CONTINUATION,UP,100,74.68,3.053,10197.6,-8.0,-815.81,STOP_LOSS,STOP_LOSS,2.372,-9.776,51225.34,2025-46
ALB,2025-11-12,2025-11-13,Wednesday,LONG,STOCK,MOMENTUM_CONTINUATION,UP,100,74.68,3.053,10408.23,2.595,270.09,HISTORY_TARGET,HISTORY_TARGET,13.158,0.0,51495.44,2025-46
EXPE,2025-11-12,2025-11-13,Wednesday,LONG,STOCK,MOMENTUM_CONTINUATION,UP,100,74.68,3.053,10408.23,2.595,270.09,HISTORY_TARGET,HISTORY_TARGET,4.254,-0.746,51765.53,2025-46
SNDK,2025-11-12,2025-11-13,Wednesday,LONG,STOCK,MOMENTUM_CONTINUATION,UP,100,74.68,3.053,10408.23,-8.0,-832.66,STOP_LOSS,STOP_LOSS,0.096,-13.79,50932.87,2025-46
AKAM,2025-11-12,2025-11-14,Wednesday,LONG,STOCK,MOMENTUM_CONTINUATION,UP,100,74.68,3.053,10408.23,-3.807,-396.24,FRIDAY_EXIT,FRIDAY_EXIT,1.357,-3.984,50536.63,2025-46
REGN,2025-11-17,2025-11-18,Monday,LONG,STOCK,MOMENTUM_CONTINUATION,UP,95,74.68,3.053,10107.33,2.595,262.29,HISTORY_TARGET,HISTORY_TARGET,4.995,0.0,50798.92,2025-47
LLY,2025-11-17,2025-11-18,Monday,LONG,STOCK,MOMENTUM_CONTINUATION,UP,82,74.68,3.053,10107.33,2.595,262.29,HISTORY_TARGET,HISTORY_TARGET,3.686,0.0,51061.2,2025-47
ALB,2025-11-17,2025-11-19,Monday,LONG,STOCK,MOMENTUM_CONTINUATION,UP,100,74.68,3.053,10107.33,2.595,262.29,HISTORY_TARGET,HISTORY_TARGET,5.883,-4.25,51323.49,2025-47
REGN,2025-11-18,2025-11-19,Tuesday,LONG,STOCK,MOMENTUM_CONTINUATION,UP,99,74.68,3.053,10212.24,2.595,265.01,HISTORY_TARGET,HISTORY_TARGET,3.601,0.0,51588.5,2025-47
MRK,2025-11-18,2025-11-19,Tuesday,LONG,STOCK,MOMENTUM_CONTINUATION,UP,88,74.68,3.053,10212.24,2.595,265.01,HISTORY_TARGET,HISTORY_TARGET,3.22,-0.021,51853.5,2025-47
CSCO,2025-11-17,2025-11-20,Monday,LONG,STOCK,MOMENTUM_CONTINUATION,UP,84,74.68,3.053,10107.33,2.595,262.29,HISTORY_TARGET,HISTORY_TARGET,2.786,-3.3,52115.79,2025-47
LITE,2025-11-19,2025-11-20,Wednesday,LONG,STOCK,MOMENTUM_CONTINUATION,UP,100,74.68,3.053,10370.7,-8.0,-829.66,STOP_LOSS,STOP_LOSS,9.152,-11.343,51286.13,2025-47
REGN,2025-11-19,2025-11-20,Wednesday,LONG,STOCK,MOMENTUM_CONTINUATION,UP,84,74.68,3.053,10370.7,2.595,269.12,HISTORY_TARGET,HISTORY_TARGET,3.531,-1.07,51555.25,2025-47
BIIB,2025-11-17,2025-11-21,Monday,LONG,STOCK,MOMENTUM_CONTINUATION,UP,81,74.68,3.053,10107.33,2.595,262.29,HISTORY_TARGET,HISTORY_TARGET,5.401,-2.395,51817.54,2025-47
ALB,2025-11-19,2025-11-21,Wednesday,LONG,STOCK,MOMENTUM_CONTINUATION,UP,100,74.68,3.053,10370.7,-8.0,-829.66,STOP_LOSS,STOP_LOSS,1.994,-10.382,50987.88,2025-47
LITE,2025-11-24,2025-11-25,Monday,LONG,STOCK,MOMENTUM_CONTINUATION,UP,100,74.68,3.053,10197.58,2.595,264.63,HISTORY_TARGET,HISTORY_TARGET,10.75,0.0,51252.51,2025-48
RVTY,2025-11-24,2025-11-25,Monday,LONG,STOCK,MOMENTUM_CONTINUATION,UP,100,74.68,3.053,10197.58,2.595,264.63,HISTORY_TARGET,HISTORY_TARGET,8.983,0.0,51517.13,2025-48
ALGN,2025-11-24,2025-11-25,Monday,LONG,STOCK,MOMENTUM_CONTINUATION,UP,100,74.68,3.053,10197.58,2.595,264.63,HISTORY_TARGET,HISTORY_TARGET,7.739,0.0,51781.76,2025-48
GOOGL,2025-11-24,2025-11-25,Monday,LONG,STOCK,MOMENTUM_CONTINUATION,UP,100,74.68,3.053,10197.58,2.595,264.63,HISTORY_TARGET,HISTORY_TARGET,5.689,0.0,52046.39,2025-48
IDXX,2025-11-24,2025-11-25,Monday,LONG,STOCK,MOMENTUM_CONTINUATION,UP,100,74.68,3.053,10197.58,2.595,264.63,HISTORY_TARGET,HISTORY_TARGET,4.937,0.0,52311.02,2025-48
LITE,2025-11-25,2025-11-26,Tuesday,LONG,STOCK,MOMENTUM_CONTINUATION,UP,100,74.68,3.053,10462.2,2.595,271.49,HISTORY_TARGET,HISTORY_TARGET,6.721,-4.849,52582.51,2025-48
RVTY,2025-11-25,2025-11-26,Tuesday,LONG,STOCK,MOMENTUM_CONTINUATION,UP,96,74.68,3.053,10462.2,2.595,271.49,HISTORY_TARGET,HISTORY_TARGET,4.676,0.0,52854.0,2025-48
IDXX,2025-11-25,2025-11-28,Tuesday,LONG,STOCK,MOMENTUM_CONTINUATION,UP,100,74.68,3.053,10462.2,0.5,52.31,PROFIT_PROTECTION_PROXY,FRIDAY_EXIT,2.425,-0.499,52906.32,2025-48
GOOGL,2025-11-25,2025-11-28,Tuesday,LONG,STOCK,MOMENTUM_CONTINUATION,UP,100,74.68,3.053,10462.2,-1.849,-193.45,FRIDAY_EXIT,FRIDAY_EXIT,0.196,-2.888,52712.87,2025-48
KEYS,2025-11-25,2025-11-28,Tuesday,LONG,STOCK,MOMENTUM_CONTINUATION,UP,100,74.68,3.053,10462.2,-1.272,-133.08,FRIDAY_EXIT,FRIDAY_EXIT,0.0,-3.736,52579.79,2025-48
LITE,2025-11-26,2025-11-28,Wednesday,LONG,STOCK,MOMENTUM_CONTINUATION,UP,100,74.68,3.053,10570.8,2.595,274.31,HISTORY_TARGET,HISTORY_TARGET,12.321,0.0,52854.1,2025-48
LEN,2025-11-26,2025-11-28,Wednesday,LONG,STOCK,MOMENTUM_CONTINUATION,UP,97,74.68,3.053,10570.8,0.076,8.03,FRIDAY_EXIT,FRIDAY_EXIT,0.175,-1.075,52862.14,2025-48
COHR,2025-12-01,2025-12-02,Monday,LONG,STOCK,MOMENTUM_CONTINUATION,UP,100,74.68,3.053,10572.43,2.595,274.35,HISTORY_TARGET,HISTORY_TARGET,7.587,0.0,53136.49,2025-49
WDC,2025-12-01,2025-12-02,Monday,LONG,STOCK,MOMENTUM_CONTINUATION,UP,100,74.68,3.053,10572.43,2.595,274.35,HISTORY_TARGET,HISTORY_TARGET,5.943,-2.453,53410.85,2025-49
CVNA,2025-12-01,2025-12-02,Monday,LONG,STOCK,MOMENTUM_CONTINUATION,UP,100,74.68,3.053,10572.43,2.595,274.35,HISTORY_TARGET,HISTORY_TARGET,5.747,0.0,53685.2,2025-49
ADI,2025-12-01,2025-12-02,Monday,LONG,STOCK,MOMENTUM_CONTINUATION,UP,100,74.68,3.053,10572.43,2.595,274.35,HISTORY_TARGET,HISTORY_TARGET,4.252,0.0,53959.55,2025-49
LITE,2025-12-01,2025-12-02,Monday,LONG,STOCK,MOMENTUM_CONTINUATION,UP,100,74.68,3.053,10572.43,2.595,274.35,HISTORY_TARGET,HISTORY_TARGET,2.702,-7.013,54233.91,2025-49
INTC,2025-12-02,2025-12-03,Tuesday,LONG,STOCK,MOMENTUM_CONTINUATION,UP,100,74.68,3.053,10846.78,2.595,281.47,HISTORY_TARGET,HISTORY_TARGET,8.772,0.0,54515.38,2025-49
CVNA,2025-12-02,2025-12-03,Tuesday,LONG,STOCK,MOMENTUM_CONTINUATION,UP,100,74.68,3.053,10846.78,2.595,281.47,HISTORY_TARGET,HISTORY_TARGET,5.908,0.0,54796.86,2025-49
AMAT,2025-12-02,2025-12-03,Tuesday,LONG,STOCK,MOMENTUM_CONTINUATION,UP,100,74.68,3.053,10846.78,2.595,281.47,HISTORY_TARGET,HISTORY_TARGET,5.289,0.0,55078.33,2025-49
ADI,2025-12-02,2025-12-03,Tuesday,LONG,STOCK,MOMENTUM_CONTINUATION,UP,100,74.68,3.053,10846.78,2.595,281.47,HISTORY_TARGET,HISTORY_TARGET,3.949,0.0,55359.8,2025-49
BA,2025-12-02,2025-12-03,Tuesday,LONG,STOCK,MOMENTUM_CONTINUATION,UP,100,74.68,3.053,10846.78,2.595,281.47,HISTORY_TARGET,HISTORY_TARGET,3.807,-0.454,55641.28,2025-49
COHR,2025-12-03,2025-12-04,Wednesday,LONG,STOCK,MOMENTUM_CONTINUATION,UP,100,74.68,3.053,11128.26,2.595,288.78,HISTORY_TARGET,HISTORY_TARGET,13.451,0.0,55930.06,2025-49
ON,2025-12-03,2025-12-04,Wednesday,LONG,STOCK,MOMENTUM_CONTINUATION,UP,100,74.68,3.053,11128.26,2.595,288.78,HISTORY_TARGET,HISTORY_TARGET,10.585,0.0,56218.84,2025-49
MCHP,2025-12-03,2025-12-04,Wednesday,LONG,STOCK,MOMENTUM_CONTINUATION,UP,100,74.68,3.053,11128.26,2.595,288.78,HISTORY_TARGET,HISTORY_TARGET,10.438,0.0,56507.61,2025-49
LITE,2025-12-03,2025-12-04,Wednesday,LONG,STOCK,MOMENTUM_CONTINUATION,UP,100,74.68,3.053,11128.26,2.595,288.78,HISTORY_TARGET,HISTORY_TARGET,7.6,-0.316,56796.39,2025-49
CVNA,2025-12-03,2025-12-04,Wednesday,LONG,STOCK,MOMENTUM_CONTINUATION,UP,100,74.68,3.053,11128.26,2.595,288.78,HISTORY_TARGET,HISTORY_TARGET,4.863,0.0,57085.17,2025-49
SATS,2025-12-08,2025-12-09,Monday,LONG,STOCK,MOMENTUM_CONTINUATION,UP,100,74.68,3.053,11417.03,2.595,296.27,HISTORY_TARGET,HISTORY_TARGET,14.933,-0.023,57381.44,2025-50
CVNA,2025-12-08,2025-12-09,Monday,LONG,STOCK,MOMENTUM_CONTINUATION,UP,100,74.68,3.053,11417.03,2.595,296.27,HISTORY_TARGET,HISTORY_TARGET,5.532,0.0,57677.71,2025-50
LITE,2025-12-08,2025-12-09,Monday,LONG,STOCK,MOMENTUM_CONTINUATION,UP,100,74.68,3.053,11417.03,2.595,296.27,HISTORY_TARGET,HISTORY_TARGET,5.48,-2.354,57973.99,2025-50
COHR,2025-12-08,2025-12-09,Monday,LONG,STOCK,MOMENTUM_CONTINUATION,UP,100,74.68,3.053,11417.03,2.595,296.27,HISTORY_TARGET,HISTORY_TARGET,4.144,-3.68,58270.26,2025-50
WBD,2025-12-08,2025-12-10,Monday,LONG,STOCK,MOMENTUM_CONTINUATION,UP,100,74.68,3.053,11417.03,2.595,296.27,HISTORY_TARGET,HISTORY_TARGET,7.851,-0.977,58566.53,2025-50
SATS,2025-12-09,2025-12-10,Tuesday,LONG,STOCK,MOMENTUM_CONTINUATION,UP,100,74.68,3.053,11654.05,2.595,302.42,HISTORY_TARGET,HISTORY_TARGET,19.698,0.0,58868.95,2025-50
LITE,2025-12-09,2025-12-10,Tuesday,LONG,STOCK,MOMENTUM_CONTINUATION,UP,100,74.68,3.053,11654.05,2.595,302.42,HISTORY_TARGET,HISTORY_TARGET,9.865,0.0,59171.38,2025-50
CVNA,2025-12-09,2025-12-10,Tuesday,LONG,STOCK,MOMENTUM_CONTINUATION,UP,100,74.68,3.053,11654.05,2.595,302.42,HISTORY_TARGET,HISTORY_TARGET,7.431,0.0,59473.8,2025-50
MRNA,2025-12-09,2025-12-10,Tuesday,LONG,STOCK,MOMENTUM_CONTINUATION,UP,100,74.68,3.053,11654.05,2.595,302.42,HISTORY_TARGET,HISTORY_TARGET,5.507,0.0,59776.22,2025-50
SATS,2025-12-10,2025-12-11,Wednesday,LONG,STOCK,MOMENTUM_CONTINUATION,UP,100,74.68,3.053,11955.24,2.595,310.24,HISTORY_TARGET,HISTORY_TARGET,12.258,0.0,60086.46,2025-50
LUV,2025-12-10,2025-12-11,Wednesday,LONG,STOCK,MOMENTUM_CONTINUATION,UP,100,74.68,3.053,11955.24,2.595,310.24,HISTORY_TARGET,HISTORY_TARGET,7.696,0.0,60396.7,2025-50
LITE,2025-12-10,2025-12-11,Wednesday,LONG,STOCK,MOMENTUM_CONTINUATION,UP,100,74.68,3.053,11955.24,2.595,310.24,HISTORY_TARGET,HISTORY_TARGET,5.978,-1.642,60706.94,2025-50
CVNA,2025-12-10,2025-12-11,Wednesday,LONG,STOCK,MOMENTUM_CONTINUATION,UP,100,74.68,3.053,11955.24,2.595,310.24,HISTORY_TARGET,HISTORY_TARGET,4.6,0.0,61017.17,2025-50
WBD,2025-12-10,2025-12-12,Wednesday,LONG,STOCK,MOMENTUM_CONTINUATION,UP,100,74.68,3.053,11955.24,2.595,310.24,HISTORY_TARGET,HISTORY_TARGET,3.52,0.0,61327.41,2025-50
RCL,2025-12-15,2025-12-16,Monday,LONG,STOCK,MOMENTUM_CONTINUATION,UP,100,74.68,3.053,12265.48,2.595,318.29,HISTORY_TARGET,HISTORY_TARGET,3.553,0.0,61645.7,2025-51
LULU,2025-12-15,2025-12-16,Monday,LONG,STOCK,MOMENTUM_CONTINUATION,UP,100,74.68,3.053,12265.48,2.595,318.29,HISTORY_TARGET,HISTORY_TARGET,2.942,0.0,61963.99,2025-51
NCLH,2025-12-15,2025-12-16,Monday,LONG,STOCK,MOMENTUM_CONTINUATION,UP,95,74.68,3.053,12265.48,2.595,318.29,HISTORY_TARGET,HISTORY_TARGET,5.755,0.0,62282.28,2025-51
SATS,2025-12-15,2025-12-17,Monday,LONG,STOCK,MOMENTUM_CONTINUATION,UP,100,74.68,3.053,12265.48,-8.0,-981.24,STOP_LOSS,STOP_LOSS,0.0,-8.884,61301.04,2025-51
CMCSA,2025-12-16,2025-12-17,Tuesday,LONG,STOCK,MOMENTUM_CONTINUATION,UP,100,74.68,3.053,12456.46,2.595,323.25,HISTORY_TARGET,HISTORY_TARGET,8.437,0.0,61624.29,2025-51
NCLH,2025-12-16,2025-12-17,Tuesday,LONG,STOCK,MOMENTUM_CONTINUATION,UP,100,74.68,3.053,12456.46,2.595,323.25,HISTORY_TARGET,HISTORY_TARGET,3.275,-0.784,61947.53,2025-51
LULU,2025-12-16,2025-12-18,Tuesday,LONG,STOCK,MOMENTUM_CONTINUATION,UP,100,74.68,3.053,12456.46,2.595,323.25,HISTORY_TARGET,HISTORY_TARGET,8.223,-3.735,62270.78,2025-51
CMG,2025-12-17,2025-12-18,Wednesday,LONG,STOCK,MOMENTUM_CONTINUATION,UP,99,74.68,3.053,12389.51,2.595,321.51,HISTORY_TARGET,HISTORY_TARGET,6.521,0.0,62592.29,2025-51
CMCSA,2025-12-17,2025-12-18,Wednesday,LONG,STOCK,MOMENTUM_CONTINUATION,UP,94,74.68,3.053,12389.51,2.595,321.51,HISTORY_TARGET,HISTORY_TARGET,2.943,0.0,62913.79,2025-51
NEM,2025-12-15,2025-12-19,Monday,LONG,STOCK,MOMENTUM_CONTINUATION,UP,95,74.68,3.053,12265.48,0.927,113.7,FRIDAY_EXIT,FRIDAY_EXIT,1.993,-3.228,63027.49,2025-51
NCLH,2025-12-17,2025-12-19,Wednesday,LONG,STOCK,MOMENTUM_CONTINUATION,UP,97,74.68,3.053,12389.51,2.595,321.51,HISTORY_TARGET,HISTORY_TARGET,7.546,-0.417,63349.0,2025-51
NCLH,2025-12-22,2025-12-23,Monday,LONG,STOCK,MOMENTUM_CONTINUATION,UP,100,74.68,3.053,12669.8,2.595,328.78,HISTORY_TARGET,HISTORY_TARGET,6.111,0.0,63677.78,2025-52
FSLR,2025-12-22,2025-12-23,Monday,LONG,STOCK,MOMENTUM_CONTINUATION,UP,100,74.68,3.053,12669.8,2.595,328.78,HISTORY_TARGET,HISTORY_TARGET,5.268,-2.671,64006.56,2025-52
CCL,2025-12-22,2025-12-23,Monday,LONG,STOCK,MOMENTUM_CONTINUATION,UP,100,74.68,3.053,12669.8,2.595,328.78,HISTORY_TARGET,HISTORY_TARGET,5.248,0.0,64335.35,2025-52
LITE,2025-12-22,2025-12-24,Monday,LONG,STOCK,MOMENTUM_CONTINUATION,UP,100,74.68,3.053,12669.8,2.595,328.78,HISTORY_TARGET,HISTORY_TARGET,4.952,-0.455,64664.13,2025-52
SNDK,2025-12-22,2025-12-24,Monday,LONG,STOCK,MOMENTUM_CONTINUATION,UP,100,74.68,3.053,12669.8,2.595,328.78,HISTORY_TARGET,HISTORY_TARGET,4.697,-6.267,64992.91,2025-52
CIEN,2025-12-23,2025-12-24,Tuesday,LONG,STOCK,MOMENTUM_CONTINUATION,UP,100,74.68,3.053,12867.07,2.595,333.9,HISTORY_TARGET,HISTORY_TARGET,3.088,0.0,65326.81,2025-52
CCL,2025-12-23,2025-12-26,Tuesday,LONG,STOCK,MOMENTUM_CONTINUATION,UP,100,74.68,3.053,12867.07,-5.597,-720.17,FRIDAY_EXIT,FRIDAY_EXIT,0.0,-5.873,64606.64,2025-52
MRNA,2025-12-23,2025-12-26,Tuesday,LONG,STOCK,MOMENTUM_CONTINUATION,UP,100,74.68,3.053,12867.07,-8.0,-1029.37,STOP_LOSS,STOP_LOSS,0.0,-10.886,63577.27,2025-52
SNDK,2025-12-24,2025-12-26,Wednesday,LONG,STOCK,MOMENTUM_CONTINUATION,UP,100,74.68,3.053,13065.36,2.595,339.05,HISTORY_TARGET,HISTORY_TARGET,6.778,0.0,63916.32,2025-52
MU,2025-12-24,2025-12-26,Wednesday,LONG,STOCK,MOMENTUM_CONTINUATION,UP,100,74.68,3.053,13065.36,2.595,339.05,HISTORY_TARGET,HISTORY_TARGET,4.629,0.0,64255.37,2025-52
LITE,2025-12-24,2025-12-26,Wednesday,LONG,STOCK,MOMENTUM_CONTINUATION,UP,100,74.68,3.053,13065.36,2.595,339.05,HISTORY_TARGET,HISTORY_TARGET,3.389,-0.805,64594.41,2025-52
SATS,2025-12-29,2025-12-30,Monday,LONG,STOCK,MOMENTUM_CONTINUATION,UP,100,74.68,3.053,12918.88,2.595,335.24,HISTORY_TARGET,HISTORY_TARGET,7.079,0.0,64929.66,2026-01
MU,2025-12-29,2025-12-30,Monday,LONG,STOCK,MOMENTUM_CONTINUATION,UP,100,74.68,3.053,12918.88,2.595,335.24,HISTORY_TARGET,HISTORY_TARGET,6.599,0.0,65264.9,2026-01
DECK,2025-12-29,2025-12-30,Monday,LONG,STOCK,MOMENTUM_CONTINUATION,UP,80,74.68,3.053,12918.88,2.595,335.24,HISTORY_TARGET,HISTORY_TARGET,2.838,0.0,65600.15,2026-01
FCX,2025-12-29,2026-01-02,Monday,LONG,STOCK,MOMENTUM_CONTINUATION,UP,85,74.68,3.053,12918.88,0.698,90.17,FRIDAY_EXIT,FRIDAY_EXIT,1.571,-1.765,65690.32,2026-01
WBD,2025-12-29,2026-01-02,Monday,LONG,STOCK,MOMENTUM_CONTINUATION,UP,78,74.68,3.053,12918.88,-1.007,-130.09,FRIDAY_EXIT,FRIDAY_EXIT,0.799,-1.354,65560.23,2026-01
SATS,2025-12-30,2026-01-02,Tuesday,LONG,STOCK,MOMENTUM_CONTINUATION,UP,100,74.68,3.053,13120.03,2.595,340.46,HISTORY_TARGET,HISTORY_TARGET,3.814,0.0,65900.69,2026-01
MU,2025-12-30,2026-01-02,Tuesday,LONG,STOCK,MOMENTUM_CONTINUATION,UP,89,74.68,3.053,13120.03,2.595,340.46,HISTORY_TARGET,HISTORY_TARGET,7.092,-3.57,66241.16,2026-01
DECK,2025-12-30,2026-01-02,Tuesday,LONG,STOCK,MOMENTUM_CONTINUATION,UP,75,74.68,3.053,13120.03,2.24,293.89,FRIDAY_EXIT,FRIDAY_EXIT,2.537,-0.862,66535.05,2026-01
SNDK,2026-01-05,2026-01-06,Monday,LONG,STOCK,MOMENTUM_CONTINUATION,UP,100,74.68,3.053,13307.01,2.595,345.32,HISTORY_TARGET,HISTORY_TARGET,23.848,0.0,66880.36,2026-02
LRCX,2026-01-05,2026-01-06,Monday,LONG,STOCK,MOMENTUM_CONTINUATION,UP,100,74.68,3.053,13307.01,2.595,345.32,HISTORY_TARGET,HISTORY_TARGET,10.693,0.0,67225.68,2026-02
MU,2026-01-05,2026-01-06,Monday,LONG,STOCK,MOMENTUM_CONTINUATION,UP,100,74.68,3.053,13307.01,2.595,345.32,HISTORY_TARGET,HISTORY_TARGET,5.973,-2.175,67571.0,2026-02
SATS,2026-01-05,2026-01-06,Monday,LONG,STOCK,MOMENTUM_CONTINUATION,UP,100,74.68,3.053,13307.01,2.595,345.32,HISTORY_TARGET,HISTORY_TARGET,3.654,-4.804,67916.31,2026-02
SLB,2026-01-05,2026-01-06,Monday,LONG,STOCK,MOMENTUM_CONTINUATION,UP,100,74.68,3.053,13307.01,2.595,345.32,HISTORY_TARGET,HISTORY_TARGET,3.651,0.0,68261.63,2026-02
SNDK,2026-01-06,2026-01-07,Tuesday,LONG,STOCK,MOMENTUM_CONTINUATION,UP,100,74.68,3.053,13652.33,2.595,354.28,HISTORY_TARGET,HISTORY_TARGET,22.923,0.0,68615.91,2026-02
MRNA,2026-01-06,2026-01-07,Tuesday,LONG,STOCK,MOMENTUM_CONTINUATION,UP,100,74.68,3.053,13652.33,2.595,354.28,HISTORY_TARGET,HISTORY_TARGET,14.577,0.0,68970.19,2026-02
WDC,2026-01-06,2026-01-07,Tuesday,LONG,STOCK,MOMENTUM_CONTINUATION,UP,100,74.68,3.053,13652.33,2.595,354.28,HISTORY_TARGET,HISTORY_TARGET,12.251,0.0,69324.46,2026-02
STX,2026-01-06,2026-01-07,Tuesday,LONG,STOCK,MOMENTUM_CONTINUATION,UP,100,74.68,3.053,13652.33,2.595,354.28,HISTORY_TARGET,HISTORY_TARGET,10.691,0.0,69678.74,2026-02
MU,2026-01-06,2026-01-07,Tuesday,LONG,STOCK,MOMENTUM_CONTINUATION,UP,100,74.68,3.053,13652.33,2.595,354.28,HISTORY_TARGET,HISTORY_TARGET,8.804,0.0,70033.02,2026-02
INTC,2026-01-07,2026-01-08,Wednesday,LONG,STOCK,MOMENTUM_CONTINUATION,UP,100,74.68,3.053,14006.6,2.595,363.47,HISTORY_TARGET,HISTORY_TARGET,7.865,0.0,70396.49,2026-02
SNDK,2026-01-07,2026-01-08,Wednesday,LONG,STOCK,MOMENTUM_CONTINUATION,UP,100,74.68,3.053,14006.6,-8.0,-1120.53,STOP_LOSS,STOP_LOSS,5.895,-8.83,69275.96,2026-02
MRNA,2026-01-07,2026-01-08,Wednesday,LONG,STOCK,MOMENTUM_CONTINUATION,UP,100,74.68,3.053,14006.6,2.595,363.47,HISTORY_TARGET,HISTORY_TARGET,3.072,-2.261,69639.43,2026-02
LRCX,2026-01-07,2026-01-09,Wednesday,LONG,STOCK,MOMENTUM_CONTINUATION,UP,100,74.68,3.053,14006.6,2.595,363.47,HISTORY_TARGET,HISTORY_TARGET,8.397,-3.722,70002.91,2026-02
ALB,2026-01-07,2026-01-09,Wednesday,LONG,STOCK,MOMENTUM_CONTINUATION,UP,100,74.68,3.053,14006.6,0.806,112.89,FRIDAY_EXIT,FRIDAY_EXIT,1.862,-2.913,70115.8,2026-02
SNDK,2026-01-12,2026-01-13,Monday,LONG,STOCK,MOMENTUM_CONTINUATION,UP,100,74.68,3.053,14023.16,2.595,363.9,HISTORY_TARGET,HISTORY_TARGET,6.426,0.0,70479.7,2026-03
ALB,2026-01-12,2026-01-13,Monday,LONG,STOCK,MOMENTUM_CONTINUATION,UP,100,74.68,3.053,14023.16,2.595,363.9,HISTORY_TARGET,HISTORY_TARGET,5.794,0.0,70843.6,2026-03
SATS,2026-01-12,2026-01-13,Monday,LONG,STOCK,MOMENTUM_CONTINUATION,UP,100,74.68,3.053,14023.16,2.595,363.9,HISTORY_TARGET,HISTORY_TARGET,3.577,-0.947,71207.5,2026-03
BLDR,2026-01-12,2026-01-14,Monday,LONG,STOCK,MOMENTUM_CONTINUATION,UP,100,74.68,3.053,14023.16,2.595,363.9,HISTORY_TARGET,HISTORY_TARGET,4.425,-0.867,71571.4,2026-03
MRNA,2026-01-13,2026-01-14,Tuesday,LONG,STOCK,MOMENTUM_CONTINUATION,UP,100,74.68,3.053,14241.5,2.595,369.57,HISTORY_TARGET,HISTORY_TARGET,22.106,0.0,71940.97,2026-03
INTC,2026-01-13,2026-01-14,Tuesday,LONG,STOCK,MOMENTUM_CONTINUATION,UP,100,74.68,3.053,14241.5,2.595,369.57,HISTORY_TARGET,HISTORY_TARGET,6.777,0.0,72310.54,2026-03
LRCX,2026-01-12,2026-01-15,Monday,LONG,STOCK,MOMENTUM_CONTINUATION,UP,100,74.68,3.053,14023.16,2.595,363.9,HISTORY_TARGET,HISTORY_TARGET,6.223,-4.4,72674.44,2026-03
SNDK,2026-01-13,2026-01-15,Tuesday,LONG,STOCK,MOMENTUM_CONTINUATION,UP,100,74.68,3.053,14241.5,2.595,369.57,HISTORY_TARGET,HISTORY_TARGET,7.668,-4.12,73044.0,2026-03
SATS,2026-01-14,2026-01-15,Wednesday,LONG,STOCK,MOMENTUM_CONTINUATION,UP,100,74.68,3.053,14462.11,2.595,375.29,HISTORY_TARGET,HISTORY_TARGET,5.8,-2.4,73419.3,2026-03
LYB,2026-01-14,2026-01-15,Wednesday,LONG,STOCK,MOMENTUM_CONTINUATION,UP,100,74.68,3.053,14462.11,2.595,375.29,HISTORY_TARGET,HISTORY_TARGET,5.477,0.0,73794.59,2026-03
DOW,2026-01-14,2026-01-15,Wednesday,LONG,STOCK,MOMENTUM_CONTINUATION,UP,100,74.68,3.053,14462.11,2.595,375.29,HISTORY_TARGET,HISTORY_TARGET,5.428,0.0,74169.88,2026-03
SNDK,2026-01-20,2026-01-21,Tuesday,LONG,STOCK,MOMENTUM_CONTINUATION,UP,100,74.68,3.053,14833.98,2.595,384.94,HISTORY_TARGET,HISTORY_TARGET,21.784,0.0,74554.82,2026-04
MRNA,2026-01-20,2026-01-21,Tuesday,LONG,STOCK,MOMENTUM_CONTINUATION,UP,100,74.68,3.053,14833.98,2.595,384.94,HISTORY_TARGET,HISTORY_TARGET,21.581,0.0,74939.76,2026-04
INTC,2026-01-20,2026-01-21,Tuesday,LONG,STOCK,MOMENTUM_CONTINUATION,UP,100,74.68,3.053,14833.98,2.595,384.94,HISTORY_TARGET,HISTORY_TARGET,15.032,0.0,75324.7,2026-04
MU,2026-01-20,2026-01-21,Tuesday,LONG,STOCK,MOMENTUM_CONTINUATION,UP,100,74.68,3.053,14833.98,2.595,384.94,HISTORY_TARGET,HISTORY_TARGET,8.095,0.0,75709.65,2026-04
AMD,2026-01-20,2026-01-21,Tuesday,LONG,STOCK,MOMENTUM_CONTINUATION,UP,99,74.68,3.053,14833.98,2.595,384.94,HISTORY_TARGET,HISTORY_TARGET,11.863,0.0,76094.59,2026-04
MRNA,2026-01-21,2026-01-22,Wednesday,LONG,STOCK,MOMENTUM_CONTINUATION,UP,100,74.68,3.053,15218.92,2.595,394.93,HISTORY_TARGET,HISTORY_TARGET,26.897,0.0,76489.52,2026-04
Q,2026-01-21,2026-01-22,Wednesday,LONG,STOCK,MOMENTUM_CONTINUATION,UP,100,74.68,3.053,15218.92,2.595,394.93,HISTORY_TARGET,HISTORY_TARGET,11.612,0.0,76884.45,2026-04
SNDK,2026-01-21,2026-01-22,Wednesday,LONG,STOCK,MOMENTUM_CONTINUATION,UP,100,74.68,3.053,15218.92,2.595,394.93,HISTORY_TARGET,HISTORY_TARGET,10.031,0.0,77279.38,2026-04
WDC,2026-01-21,2026-01-22,Wednesday,LONG,STOCK,MOMENTUM_CONTINUATION,UP,100,74.68,3.053,15218.92,2.595,394.93,HISTORY_TARGET,HISTORY_TARGET,8.741,0.0,77674.31,2026-04
INTC,2026-01-21,2026-01-22,Wednesday,LONG,STOCK,MOMENTUM_CONTINUATION,UP,100,74.68,3.053,15218.92,2.595,394.93,HISTORY_TARGET,HISTORY_TARGET,8.506,0.0,78069.24,2026-04
STX,2026-01-26,2026-01-27,Monday,LONG,STOCK,MOMENTUM_CONTINUATION,UP,100,74.68,3.053,15613.85,2.595,405.18,HISTORY_TARGET,HISTORY_TARGET,10.042,0.0,78474.42,2026-05
WDC,2026-01-26,2026-01-27,Monday,LONG,STOCK,MOMENTUM_CONTINUATION,UP,100,74.68,3.053,15613.85,2.595,405.18,HISTORY_TARGET,HISTORY_TARGET,8.64,0.0,78879.6,2026-05
SNDK,2026-01-26,2026-01-27,Monday,LONG,STOCK,MOMENTUM_CONTINUATION,UP,100,74.68,3.053,15613.85,2.595,405.18,HISTORY_TARGET,HISTORY_TARGET,5.565,-1.12,79284.78,2026-05
MU,2026-01-26,2026-01-27,Monday,LONG,STOCK,MOMENTUM_CONTINUATION,UP,100,74.68,3.053,15613.85,2.595,405.18,HISTORY_TARGET,HISTORY_TARGET,5.297,0.0,79689.96,2026-05
SLB,2026-01-26,2026-01-27,Monday,LONG,STOCK,MOMENTUM_CONTINUATION,UP,100,74.68,3.053,15613.85,2.595,405.18,HISTORY_TARGET,HISTORY_TARGET,3.561,0.0,80095.14,2026-05
STX,2026-01-27,2026-01-28,Tuesday,LONG,STOCK,MOMENTUM_CONTINUATION,UP,100,74.68,3.053,16019.03,2.595,415.69,HISTORY_TARGET,HISTORY_TARGET,24.302,0.0,80510.83,2026-05
WDC,2026-01-27,2026-01-28,Tuesday,LONG,STOCK,MOMENTUM_CONTINUATION,UP,100,74.68,3.053,16019.03,2.595,415.69,HISTORY_TARGET,HISTORY_TARGET,16.351,0.0,80926.53,2026-05
GLW,2026-01-27,2026-01-28,Tuesday,LONG,STOCK,MOMENTUM_CONTINUATION,UP,100,74.68,3.053,16019.03,2.595,415.69,HISTORY_TARGET,HISTORY_TARGET,10.61,0.0,81342.22,2026-05
SNDK,2026-01-27,2026-01-28,Tuesday,LONG,STOCK,MOMENTUM_CONTINUATION,UP,100,74.68,3.053,16019.03,2.595,415.69,HISTORY_TARGET,HISTORY_TARGET,10.49,0.0,81757.91,2026-05
MU,2026-01-27,2026-01-28,Tuesday,LONG,STOCK,MOMENTUM_CONTINUATION,UP,100,74.68,3.053,16019.03,2.595,415.69,HISTORY_TARGET,HISTORY_TARGET,8.485,0.0,82173.61,2026-05
STX,2026-01-28,2026-01-29,Wednesday,LONG,STOCK,MOMENTUM_CONTINUATION,UP,100,74.68,3.053,16434.72,2.595,426.48,HISTORY_TARGET,HISTORY_TARGET,15.853,0.0,82600.09,2026-05
SNDK,2026-01-28,2026-01-29,Wednesday,LONG,STOCK,MOMENTUM_CONTINUATION,UP,100,74.68,3.053,16434.72,2.595,426.48,HISTORY_TARGET,HISTORY_TARGET,9.328,0.0,83026.57,2026-05
TXN,2026-01-28,2026-01-29,Wednesday,LONG,STOCK,MOMENTUM_CONTINUATION,UP,100,74.68,3.053,16434.72,2.595,426.48,HISTORY_TARGET,HISTORY_TARGET,8.898,0.0,83453.05,2026-05
WDC,2026-01-28,2026-01-29,Wednesday,LONG,STOCK,MOMENTUM_CONTINUATION,UP,100,74.68,3.053,16434.72,2.595,426.48,HISTORY_TARGET,HISTORY_TARGET,8.339,0.0,83879.53,2026-05
MU,2026-01-28,2026-01-29,Wednesday,LONG,STOCK,MOMENTUM_CONTINUATION,UP,100,74.68,3.053,16434.72,2.595,426.48,HISTORY_TARGET,HISTORY_TARGET,5.272,-1.122,84306.01,2026-05
SNDK,2026-02-02,2026-02-03,Monday,LONG,STOCK,MOMENTUM_CONTINUATION,UP,100,74.68,3.053,16861.2,2.595,437.55,HISTORY_TARGET,HISTORY_TARGET,23.13,0.0,84743.56,2026-06
WDC,2026-02-02,2026-02-03,Monday,LONG,STOCK,MOMENTUM_CONTINUATION,UP,100,74.68,3.053,16861.2,2.595,437.55,HISTORY_TARGET,HISTORY_TARGET,21.636,0.0,85181.11,2026-06
TER,2026-02-02,2026-02-03,Monday,LONG,STOCK,MOMENTUM_CONTINUATION,UP,100,74.68,3.053,16861.2,2.595,437.55,HISTORY_TARGET,HISTORY_TARGET,18.648,0.0,85618.66,2026-06
LITE,2026-02-02,2026-02-03,Monday,LONG,STOCK,MOMENTUM_CONTINUATION,UP,100,74.68,3.053,16861.2,2.595,437.55,HISTORY_TARGET,HISTORY_TARGET,14.429,0.0,86056.21,2026-06
STX,2026-02-02,2026-02-03,Monday,LONG,STOCK,MOMENTUM_CONTINUATION,UP,100,74.68,3.053,16861.2,2.595,437.55,HISTORY_TARGET,HISTORY_TARGET,14.139,0.0,86493.75,2026-06
DVA,2026-02-03,2026-02-04,Tuesday,LONG,STOCK,MOMENTUM_CONTINUATION,UP,100,74.68,3.053,17298.75,2.595,448.9,HISTORY_TARGET,HISTORY_TARGET,15.313,0.0,86942.66,2026-06
TER,2026-02-03,2026-02-04,Tuesday,LONG,STOCK,MOMENTUM_CONTINUATION,UP,100,74.68,3.053,17298.75,2.595,448.9,HISTORY_TARGET,HISTORY_TARGET,14.464,0.0,87391.56,2026-06
LITE,2026-02-03,2026-02-04,Tuesday,LONG,STOCK,MOMENTUM_CONTINUATION,UP,100,74.68,3.053,17298.75,2.595,448.9,HISTORY_TARGET,HISTORY_TARGET,11.697,-5.687,87840.46,2026-06
LUV,2026-02-03,2026-02-04,Tuesday,LONG,STOCK,MOMENTUM_CONTINUATION,UP,100,74.68,3.053,17298.75,2.595,448.9,HISTORY_TARGET,HISTORY_TARGET,5.54,0.0,88289.36,2026-06
WDC,2026-02-03,2026-02-04,Tuesday,LONG,STOCK,MOMENTUM_CONTINUATION,UP,100,74.68,3.053,17298.75,-8.0,-1383.9,STOP_LOSS,STOP_LOSS,5.538,-9.009,86905.46,2026-06
DVA,2026-02-04,2026-02-05,Wednesday,LONG,STOCK,MOMENTUM_CONTINUATION,UP,100,74.68,3.053,17381.09,2.595,451.04,HISTORY_TARGET,HISTORY_TARGET,10.576,0.0,87356.5,2026-06
ODFL,2026-02-04,2026-02-05,Wednesday,LONG,STOCK,MOMENTUM_CONTINUATION,UP,100,74.68,3.053,17381.09,2.595,451.04,HISTORY_TARGET,HISTORY_TARGET,7.824,0.0,87807.54,2026-06
LITE,2026-02-04,2026-02-05,Wednesday,LONG,STOCK,MOMENTUM_CONTINUATION,UP,100,74.68,3.053,17381.09,-8.0,-1390.49,STOP_LOSS,STOP_LOSS,7.277,-10.169,86417.06,2026-06
DOW,2026-02-04,2026-02-05,Wednesday,LONG,STOCK,MOMENTUM_CONTINUATION,UP,100,74.68,3.053,17381.09,2.595,451.04,HISTORY_TARGET,HISTORY_TARGET,3.934,-2.741,86868.1,2026-06
IR,2026-02-04,2026-02-05,Wednesday,LONG,STOCK,MOMENTUM_CONTINUATION,UP,100,74.68,3.053,17381.09,2.595,451.04,HISTORY_TARGET,HISTORY_TARGET,3.158,0.0,87319.13,2026-06
TPL,2026-02-09,2026-02-10,Monday,LONG,STOCK,MOMENTUM_CONTINUATION,UP,100,74.68,3.053,17463.83,2.595,453.19,HISTORY_TARGET,HISTORY_TARGET,10.245,0.0,87772.32,2026-07
VTRS,2026-02-09,2026-02-10,Monday,LONG,STOCK,MOMENTUM_CONTINUATION,UP,100,74.68,3.053,17463.83,2.595,453.19,HISTORY_TARGET,HISTORY_TARGET,8.672,0.0,88225.51,2026-07
GLW,2026-02-09,2026-02-10,Monday,LONG,STOCK,MOMENTUM_CONTINUATION,UP,100,74.68,3.053,17463.83,2.595,453.19,HISTORY_TARGET,HISTORY_TARGET,6.855,0.0,88678.69,2026-07
FIX,2026-02-09,2026-02-10,Monday,LONG,STOCK,MOMENTUM_CONTINUATION,UP,100,74.68,3.053,17463.83,2.595,453.19,HISTORY_TARGET,HISTORY_TARGET,5.383,0.0,89131.88,2026-07
TPL,2026-02-10,2026-02-11,Tuesday,LONG,STOCK,MOMENTUM_CONTINUATION,UP,100,74.68,3.053,17826.38,2.595,462.59,HISTORY_TARGET,HISTORY_TARGET,10.777,0.0,89594.47,2026-07
LITE,2026-02-10,2026-02-11,Tuesday,LONG,STOCK,MOMENTUM_CONTINUATION,UP,100,74.68,3.053,17826.38,2.595,462.59,HISTORY_TARGET,HISTORY_TARGET,8.898,-0.427,90057.07,2026-07
VTRS,2026-02-10,2026-02-11,Tuesday,LONG,STOCK,MOMENTUM_CONTINUATION,UP,100,74.68,3.053,17826.38,2.595,462.59,HISTORY_TARGET,HISTORY_TARGET,4.185,0.0,90519.66,2026-07
GLW,2026-02-10,2026-02-11,Tuesday,LONG,STOCK,MOMENTUM_CONTINUATION,UP,100,74.68,3.053,17826.38,2.595,462.59,HISTORY_TARGET,HISTORY_TARGET,4.17,-1.69,90982.26,2026-07
WDC,2026-02-09,2026-02-12,Monday,LONG,STOCK,MOMENTUM_CONTINUATION,UP,100,74.68,3.053,17463.83,2.595,453.19,HISTORY_TARGET,HISTORY_TARGET,9.904,-6.805,91435.44,2026-07
GNRC,2026-02-11,2026-02-12,Wednesday,LONG,STOCK,MOMENTUM_CONTINUATION,UP,100,74.68,3.053,18196.45,2.595,472.2,HISTORY_TARGET,HISTORY_TARGET,19.354,0.0,91907.64,2026-07
VRT,2026-02-11,2026-02-12,Wednesday,LONG,STOCK,MOMENTUM_CONTINUATION,UP,100,74.68,3.053,18196.45,2.595,472.2,HISTORY_TARGET,HISTORY_TARGET,9.556,0.0,92379.84,2026-07
LITE,2026-02-11,2026-02-12,Wednesday,LONG,STOCK,MOMENTUM_CONTINUATION,UP,100,74.68,3.053,18196.45,2.595,472.2,HISTORY_TARGET,HISTORY_TARGET,7.206,0.0,92852.04,2026-07
TPL,2026-02-11,2026-02-13,Wednesday,LONG,STOCK,MOMENTUM_CONTINUATION,UP,100,74.68,3.053,18196.45,2.595,472.2,HISTORY_TARGET,HISTORY_TARGET,6.892,-0.294,93324.24,2026-07
LITE,2026-02-17,2026-02-18,Tuesday,LONG,STOCK,MOMENTUM_CONTINUATION,UP,100,74.68,3.053,18664.85,2.595,484.35,HISTORY_TARGET,HISTORY_TARGET,13.439,0.0,93808.59,2026-08
VRT,2026-02-17,2026-02-18,Tuesday,LONG,STOCK,MOMENTUM_CONTINUATION,UP,100,74.68,3.053,18664.85,2.595,484.35,HISTORY_TARGET,HISTORY_TARGET,8.3,0.0,94292.94,2026-08
GNRC,2026-02-17,2026-02-18,Tuesday,LONG,STOCK,MOMENTUM_CONTINUATION,UP,100,74.68,3.053,18664.85,2.595,484.35,HISTORY_TARGET,HISTORY_TARGET,3.684,-0.174,94777.29,2026-08
SW,2026-02-17,2026-02-18,Tuesday,LONG,STOCK,MOMENTUM_CONTINUATION,UP,100,74.68,3.053,18664.85,2.595,484.35,HISTORY_TARGET,HISTORY_TARGET,3.282,-0.438,95261.65,2026-08
TPL,2026-02-17,2026-02-18,Tuesday,LONG,STOCK,MOMENTUM_CONTINUATION,UP,100,74.68,3.053,18664.85,2.595,484.35,HISTORY_TARGET,HISTORY_TARGET,2.893,-1.854,95746.0,2026-08
TPL,2026-02-18,2026-02-19,Wednesday,LONG,STOCK,MOMENTUM_CONTINUATION,UP,100,74.68,3.053,19149.2,2.595,496.92,HISTORY_TARGET,HISTORY_TARGET,14.279,0.0,96242.92,2026-08
SNDK,2026-02-18,2026-02-19,Wednesday,LONG,STOCK,MOMENTUM_CONTINUATION,UP,100,74.68,3.053,19149.2,2.595,496.92,HISTORY_TARGET,HISTORY_TARGET,8.925,0.0,96739.84,2026-08
LITE,2026-02-18,2026-02-19,Wednesday,LONG,STOCK,MOMENTUM_CONTINUATION,UP,100,74.68,3.053,19149.2,2.595,496.92,HISTORY_TARGET,HISTORY_TARGET,5.745,-3.951,97236.76,2026-08
WDC,2026-02-18,2026-02-19,Wednesday,LONG,STOCK,MOMENTUM_CONTINUATION,UP,100,74.68,3.053,19149.2,2.595,496.92,HISTORY_TARGET,HISTORY_TARGET,3.64,-2.533,97733.69,2026-08
VRT,2026-02-18,2026-02-20,Wednesday,LONG,STOCK,MOMENTUM_CONTINUATION,UP,100,74.68,3.053,19149.2,-1.316,-252.0,FRIDAY_EXIT,FRIDAY_EXIT,0.287,-3.567,97481.68,2026-08
GLW,2026-02-23,2026-02-24,Monday,LONG,STOCK,MOMENTUM_CONTINUATION,UP,100,74.68,3.053,19496.34,2.595,505.93,HISTORY_TARGET,HISTORY_TARGET,7.607,0.0,97987.61,2026-09
MRNA,2026-02-23,2026-02-24,Monday,LONG,STOCK,MOMENTUM_CONTINUATION,UP,100,74.68,3.053,19496.34,2.595,505.93,HISTORY_TARGET,HISTORY_TARGET,6.726,0.0,98493.54,2026-09
COHR,2026-02-23,2026-02-24,Monday,LONG,STOCK,MOMENTUM_CONTINUATION,UP,100,74.68,3.053,19496.34,2.595,505.93,HISTORY_TARGET,HISTORY_TARGET,5.299,-0.101,98999.47,2026-09
LITE,2026-02-23,2026-02-24,Monday,LONG,STOCK,MOMENTUM_CONTINUATION,UP,100,74.68,3.053,19496.34,2.595,505.93,HISTORY_TARGET,HISTORY_TARGET,5.188,-0.309,99505.4,2026-09
CIEN,2026-02-23,2026-02-24,Monday,LONG,STOCK,MOMENTUM_CONTINUATION,UP,100,74.68,3.053,19496.34,2.595,505.93,HISTORY_TARGET,HISTORY_TARGET,4.633,0.0,100011.33,2026-09
LITE,2026-02-24,2026-02-25,Tuesday,LONG,STOCK,MOMENTUM_CONTINUATION,UP,100,74.68,3.053,20002.27,2.595,519.06,HISTORY_TARGET,HISTORY_TARGET,12.498,0.0,100530.39,2026-09
KEYS,2026-02-24,2026-02-25,Tuesday,LONG,STOCK,MOMENTUM_CONTINUATION,UP,100,74.68,3.053,20002.27,2.595,519.06,HISTORY_TARGET,HISTORY_TARGET,11.263,0.0,101049.45,2026-09
GLW,2026-02-24,2026-02-25,Tuesday,LONG,STOCK,MOMENTUM_CONTINUATION,UP,100,74.68,3.053,20002.27,2.595,519.06,HISTORY_TARGET,HISTORY_TARGET,9.527,0.0,101568.51,2026-09
COHR,2026-02-24,2026-02-25,Tuesday,LONG,STOCK,MOMENTUM_CONTINUATION,UP,100,74.68,3.053,20002.27,2.595,519.06,HISTORY_TARGET,HISTORY_TARGET,9.181,0.0,102087.57,2026-09
CIEN,2026-02-24,2026-02-25,Tuesday,LONG,STOCK,MOMENTUM_CONTINUATION,UP,100,74.68,3.053,20002.27,2.595,519.06,HISTORY_TARGET,HISTORY_TARGET,7.302,0.0,102606.63,2026-09
COHR,2026-02-25,2026-02-26,Wednesday,LONG,STOCK,MOMENTUM_CONTINUATION,UP,100,74.68,3.053,20521.33,2.595,532.53,HISTORY_TARGET,HISTORY_TARGET,3.795,-5.334,103139.15,2026-09
CIEN,2026-02-25,2026-02-26,Wednesday,LONG,STOCK,MOMENTUM_CONTINUATION,UP,100,74.68,3.053,20521.33,2.595,532.53,HISTORY_TARGET,HISTORY_TARGET,3.653,-5.558,103671.68,2026-09
TER,2026-02-25,2026-02-26,Wednesday,LONG,STOCK,MOMENTUM_CONTINUATION,UP,100,74.68,3.053,20521.33,2.595,532.53,HISTORY_TARGET,HISTORY_TARGET,3.62,-1.313,104204.21,2026-09
KEYS,2026-02-25,2026-02-26,Wednesday,LONG,STOCK,MOMENTUM_CONTINUATION,UP,100,74.68,3.053,20521.33,2.595,532.53,HISTORY_TARGET,HISTORY_TARGET,3.426,-2.962,104736.74,2026-09
GLW,2026-02-25,2026-02-26,Wednesday,LONG,STOCK,MOMENTUM_CONTINUATION,UP,100,74.68,3.053,20521.33,2.595,532.53,HISTORY_TARGET,HISTORY_TARGET,3.249,-3.561,105269.27,2026-09
XYZ,2026-03-02,2026-03-03,Monday,LONG,STOCK,MOMENTUM_CONTINUATION,UP,100,74.68,3.053,21053.85,2.595,546.35,HISTORY_TARGET,HISTORY_TARGET,7.932,0.0,105815.62,2026-10
AXON,2026-03-02,2026-03-03,Monday,LONG,STOCK,MOMENTUM_CONTINUATION,UP,100,74.68,3.053,21053.85,2.595,546.35,HISTORY_TARGET,HISTORY_TARGET,7.337,0.0,106361.96,2026-10
COHR,2026-03-02,2026-03-03,Monday,LONG,STOCK,MOMENTUM_CONTINUATION,UP,100,74.68,3.053,21053.85,2.595,546.35,HISTORY_TARGET,HISTORY_TARGET,6.627,-1.182,106908.31,2026-10
NFLX,2026-03-02,2026-03-03,Monday,LONG,STOCK,MOMENTUM_CONTINUATION,UP,100,74.68,3.053,21053.85,2.595,546.35,HISTORY_TARGET,HISTORY_TARGET,3.359,0.0,107454.66,2026-10
XYZ,2026-03-03,2026-03-04,Tuesday,LONG,STOCK,MOMENTUM_CONTINUATION,UP,100,74.68,3.053,21490.93,2.595,557.69,HISTORY_TARGET,HISTORY_TARGET,3.946,-0.775,108012.35,2026-10
NFLX,2026-03-03,2026-03-04,Tuesday,LONG,STOCK,MOMENTUM_CONTINUATION,UP,100,74.68,3.053,21490.93,2.595,557.69,HISTORY_TARGET,HISTORY_TARGET,3.895,0.0,108570.04,2026-10
VRT,2026-03-02,2026-03-05,Monday,LONG,STOCK,MOMENTUM_CONTINUATION,UP,100,74.68,3.053,21053.85,2.595,546.35,HISTORY_TARGET,HISTORY_TARGET,3.56,-5.901,109116.39,2026-10
CF,2026-03-03,2026-03-05,Tuesday,LONG,STOCK,MOMENTUM_CONTINUATION,UP,100,74.68,3.053,21490.93,2.595,557.69,HISTORY_TARGET,HISTORY_TARGET,6.977,-5.585,109674.08,2026-10
MRNA,2026-03-04,2026-03-05,Wednesday,LONG,STOCK,MOMENTUM_CONTINUATION,UP,100,74.68,3.053,21714.01,2.595,563.48,HISTORY_TARGET,HISTORY_TARGET,9.63,-2.632,110237.55,2026-10
COIN,2026-03-04,2026-03-05,Wednesday,LONG,STOCK,MOMENTUM_CONTINUATION,UP,100,74.68,3.053,21714.01,2.595,563.48,HISTORY_TARGET,HISTORY_TARGET,8.979,0.0,110801.03,2026-10
AXON,2026-03-03,2026-03-06,Tuesday,LONG,STOCK,MOMENTUM_CONTINUATION,UP,100,74.68,3.053,21490.93,0.856,183.96,FRIDAY_EXIT,FRIDAY_EXIT,2.084,-2.07,110984.99,2026-10
VRT,2026-03-09,2026-03-10,Monday,LONG,STOCK,MOMENTUM_CONTINUATION,UP,100,74.68,3.053,22197.0,2.595,576.01,HISTORY_TARGET,HISTORY_TARGET,9.289,0.0,111561.01,2026-11
MRNA,2026-03-09,2026-03-10,Monday,LONG,STOCK,MOMENTUM_CONTINUATION,UP,100,74.68,3.053,22197.0,2.595,576.01,HISTORY_TARGET,HISTORY_TARGET,5.37,-1.22,112137.02,2026-11
DDOG,2026-03-09,2026-03-10,Monday,LONG,STOCK,MOMENTUM_CONTINUATION,UP,100,74.68,3.053,22197.0,2.595,576.01,HISTORY_TARGET,HISTORY_TARGET,4.288,-1.717,112713.03,2026-11
APP,2026-03-09,2026-03-10,Monday,LONG,STOCK,MOMENTUM_CONTINUATION,UP,100,74.68,3.053,22197.0,2.595,576.01,HISTORY_TARGET,HISTORY_TARGET,3.743,-5.086,113289.04,2026-11
MRNA,2026-03-10,2026-03-11,Tuesday,LONG,STOCK,MOMENTUM_CONTINUATION,UP,100,74.68,3.053,22657.81,2.595,587.97,HISTORY_TARGET,HISTORY_TARGET,4.827,-0.733,113877.01,2026-11
VRT,2026-03-10,2026-03-11,Tuesday,LONG,STOCK,MOMENTUM_CONTINUATION,UP,100,74.68,3.053,22657.81,2.595,587.97,HISTORY_TARGET,HISTORY_TARGET,4.229,0.0,114464.98,2026-11
CF,2026-03-10,2026-03-11,Tuesday,LONG,STOCK,MOMENTUM_CONTINUATION,UP,85,74.68,3.053,22657.81,2.595,587.97,HISTORY_TARGET,HISTORY_TARGET,9.347,0.0,115052.95,2026-11
LYB,2026-03-09,2026-03-12,Monday,LONG,STOCK,MOMENTUM_CONTINUATION,UP,100,74.68,3.053,22197.0,2.595,576.01,HISTORY_TARGET,HISTORY_TARGET,8.517,-6.566,115628.97,2026-11
CF,2026-03-11,2026-03-12,Wednesday,LONG,STOCK,MOMENTUM_CONTINUATION,UP,100,74.68,3.053,23010.59,2.595,597.12,HISTORY_TARGET,HISTORY_TARGET,21.285,0.0,116226.09,2026-11
SNDK,2026-03-11,2026-03-12,Wednesday,LONG,STOCK,MOMENTUM_CONTINUATION,UP,95,74.68,3.053,23010.59,2.595,597.12,HISTORY_TARGET,HISTORY_TARGET,4.16,-2.195,116823.22,2026-11
COIN,2026-03-10,2026-03-13,Tuesday,LONG,STOCK,MOMENTUM_CONTINUATION,UP,88,74.68,3.053,22657.81,-4.354,-986.52,FRIDAY_EXIT,FRIDAY_EXIT,1.321,-5.855,115836.69,2026-11
VRT,2026-03-11,2026-03-13,Wednesday,LONG,STOCK,MOMENTUM_CONTINUATION,UP,100,74.68,3.053,23010.59,-4.862,-1118.77,FRIDAY_EXIT,FRIDAY_EXIT,0.0,-5.894,114717.92,2026-11
CIEN,2026-03-16,2026-03-17,Monday,LONG,STOCK,MOMENTUM_CONTINUATION,UP,100,74.68,3.053,22943.58,2.595,595.39,HISTORY_TARGET,HISTORY_TARGET,9.977,0.0,115313.31,2026-12
SNDK,2026-03-16,2026-03-17,Monday,LONG,STOCK,MOMENTUM_CONTINUATION,UP,100,74.68,3.053,22943.58,2.595,595.39,HISTORY_TARGET,HISTORY_TARGET,4.923,0.0,115908.69,2026-12
CF,2026-03-16,2026-03-17,Monday,LONG,STOCK,MOMENTUM_CONTINUATION,UP,100,74.68,3.053,22943.58,2.595,595.39,HISTORY_TARGET,HISTORY_TARGET,2.848,-1.194,116504.08,2026-12
MU,2026-03-16,2026-03-17,Monday,LONG,STOCK,MOMENTUM_CONTINUATION,UP,95,74.68,3.053,22943.58,2.595,595.39,HISTORY_TARGET,HISTORY_TARGET,3.714,-0.229,117099.46,2026-12
CIEN,2026-03-17,2026-03-18,Tuesday,LONG,STOCK,MOMENTUM_CONTINUATION,UP,100,74.68,3.053,23419.89,2.595,607.75,HISTORY_TARGET,HISTORY_TARGET,12.241,0.0,117707.21,2026-12
WDC,2026-03-17,2026-03-18,Tuesday,LONG,STOCK,MOMENTUM_CONTINUATION,UP,100,74.68,3.053,23419.89,2.595,607.75,HISTORY_TARGET,HISTORY_TARGET,10.856,0.0,118314.96,2026-12
SNDK,2026-03-17,2026-03-18,Tuesday,LONG,STOCK,MOMENTUM_CONTINUATION,UP,100,74.68,3.053,23419.89,2.595,607.75,HISTORY_TARGET,HISTORY_TARGET,6.358,-0.07,118922.7,2026-12
APA,2026-03-17,2026-03-18,Tuesday,LONG,STOCK,MOMENTUM_CONTINUATION,UP,100,74.68,3.053,23419.89,2.595,607.75,HISTORY_TARGET,HISTORY_TARGET,5.661,0.0,119530.45,2026-12
DELL,2026-03-16,2026-03-19,Monday,LONG,STOCK,MOMENTUM_CONTINUATION,UP,100,74.68,3.053,22943.58,2.595,595.39,HISTORY_TARGET,HISTORY_TARGET,2.627,-4.234,120125.83,2026-12
CIEN,2026-03-18,2026-03-19,Wednesday,LONG,STOCK,MOMENTUM_CONTINUATION,UP,100,74.68,3.053,23906.09,2.595,620.36,HISTORY_TARGET,HISTORY_TARGET,10.84,-1.33,120746.2,2026-12
LYB,2026-03-18,2026-03-19,Wednesday,LONG,STOCK,MOMENTUM_CONTINUATION,UP,100,74.68,3.053,23906.09,2.595,620.36,HISTORY_TARGET,HISTORY_TARGET,6.337,-1.443,121366.56,2026-12
SNDK,2026-03-18,2026-03-19,Wednesday,LONG,STOCK,MOMENTUM_CONTINUATION,UP,100,74.68,3.053,23906.09,2.595,620.36,HISTORY_TARGET,HISTORY_TARGET,6.299,-5.207,121986.92,2026-12
CF,2026-03-18,2026-03-19,Wednesday,LONG,STOCK,MOMENTUM_CONTINUATION,UP,100,74.68,3.053,23906.09,2.595,620.36,HISTORY_TARGET,HISTORY_TARGET,3.527,-1.59,122607.29,2026-12
DELL,2026-03-23,2026-03-24,Monday,LONG,STOCK,MOMENTUM_CONTINUATION,UP,100,74.68,3.053,24521.46,2.595,636.33,HISTORY_TARGET,HISTORY_TARGET,11.976,0.0,123243.62,2026-13
CIEN,2026-03-23,2026-03-24,Monday,LONG,STOCK,MOMENTUM_CONTINUATION,UP,100,74.68,3.053,24521.46,2.595,636.33,HISTORY_TARGET,HISTORY_TARGET,8.718,0.0,123879.95,2026-13
APA,2026-03-23,2026-03-24,Monday,LONG,STOCK,MOMENTUM_CONTINUATION,UP,100,74.68,3.053,24521.46,2.595,636.33,HISTORY_TARGET,HISTORY_TARGET,8.593,0.0,124516.28,2026-13
LITE,2026-03-23,2026-03-24,Monday,LONG,STOCK,MOMENTUM_CONTINUATION,UP,100,74.68,3.053,24521.46,2.595,636.33,HISTORY_TARGET,HISTORY_TARGET,8.191,-1.871,125152.61,2026-13
AKAM,2026-03-23,2026-03-24,Monday,LONG,STOCK,MOMENTUM_CONTINUATION,UP,92,74.68,3.053,24521.46,2.595,636.33,HISTORY_TARGET,HISTORY_TARGET,4.652,0.0,125788.95,2026-13
HPE,2026-03-24,2026-03-25,Tuesday,LONG,STOCK,MOMENTUM_CONTINUATION,UP,100,74.68,3.053,25157.79,2.595,652.84,HISTORY_TARGET,HISTORY_TARGET,19.139,0.0,126441.79,2026-13
DELL,2026-03-24,2026-03-25,Tuesday,LONG,STOCK,MOMENTUM_CONTINUATION,UP,100,74.68,3.053,25157.79,2.595,652.84,HISTORY_TARGET,HISTORY_TARGET,12.981,0.0,127094.63,2026-13
LITE,2026-03-24,2026-03-25,Tuesday,LONG,STOCK,MOMENTUM_CONTINUATION,UP,100,74.68,3.053,25157.79,2.595,652.84,HISTORY_TARGET,HISTORY_TARGET,10.969,0.0,127747.48,2026-13
CIEN,2026-03-24,2026-03-25,Tuesday,LONG,STOCK,MOMENTUM_CONTINUATION,UP,100,74.68,3.053,25157.79,2.595,652.84,HISTORY_TARGET,HISTORY_TARGET,10.343,0.0,128400.32,2026-13
APA,2026-03-24,2026-03-25,Tuesday,LONG,STOCK,MOMENTUM_CONTINUATION,UP,100,74.68,3.053,25157.79,2.595,652.84,HISTORY_TARGET,HISTORY_TARGET,4.96,0.0,129053.17,2026-13
APA,2026-03-25,2026-03-26,Wednesday,LONG,STOCK,MOMENTUM_CONTINUATION,UP,100,74.68,3.053,25810.63,2.595,669.79,HISTORY_TARGET,HISTORY_TARGET,7.539,0.0,129722.95,2026-13
HPE,2026-03-25,2026-03-26,Wednesday,LONG,STOCK,MOMENTUM_CONTINUATION,UP,100,74.68,3.053,25810.63,2.595,669.79,HISTORY_TARGET,HISTORY_TARGET,6.499,0.0,130392.74,2026-13
DELL,2026-03-25,2026-03-26,Wednesday,LONG,STOCK,MOMENTUM_CONTINUATION,UP,100,74.68,3.053,25810.63,2.595,669.79,HISTORY_TARGET,HISTORY_TARGET,4.855,-1.243,131062.53,2026-13
CIEN,2026-03-25,2026-03-26,Wednesday,LONG,STOCK,MOMENTUM_CONTINUATION,UP,100,74.68,3.053,25810.63,-8.0,-2064.85,STOP_LOSS,STOP_LOSS,0.0,-10.222,128997.68,2026-13
DOW,2026-03-25,2026-03-26,Wednesday,LONG,STOCK,MOMENTUM_CONTINUATION,UP,97,74.68,3.053,25810.63,2.595,669.79,HISTORY_TARGET,HISTORY_TARGET,4.948,0.0,129667.46,2026-13
DOW,2026-03-30,2026-03-31,Monday,LONG,STOCK,MOMENTUM_CONTINUATION,UP,100,74.68,3.053,25933.49,2.595,672.97,HISTORY_TARGET,HISTORY_TARGET,2.691,-1.826,130340.44,2026-14
APA,2026-03-30,2026-03-31,Monday,LONG,STOCK,MOMENTUM_CONTINUATION,UP,100,74.68,3.053,25933.49,-8.0,-2074.68,STOP_LOSS,STOP_LOSS,0.0,-9.067,128265.76,2026-14
CF,2026-03-30,2026-03-31,Monday,LONG,STOCK,MOMENTUM_CONTINUATION,UP,100,74.68,3.053,25933.49,-8.0,-2074.68,STOP_LOSS,STOP_LOSS,0.0,-8.377,126191.08,2026-14
OXY,2026-03-30,2026-03-31,Monday,LONG,STOCK,MOMENTUM_CONTINUATION,UP,87,74.68,3.053,25933.49,2.595,672.97,HISTORY_TARGET,HISTORY_TARGET,2.789,-4.343,126864.05,2026-14
LYB,2026-03-30,2026-04-01,Monday,LONG,STOCK,MOMENTUM_CONTINUATION,UP,100,74.68,3.053,25933.49,-8.0,-2074.68,STOP_LOSS,STOP_LOSS,2.516,-9.257,124789.37,2026-14
NWS,2026-03-31,2026-04-01,Tuesday,LONG,STOCK,MOMENTUM_CONTINUATION,UP,100,74.68,3.053,25372.81,2.595,658.42,HISTORY_TARGET,HISTORY_TARGET,2.646,-1.023,125447.8,2026-14
FDS,2026-04-01,2026-04-02,Wednesday,LONG,STOCK,MOMENTUM_CONTINUATION,UP,95,74.68,3.053,25089.56,2.595,651.07,HISTORY_TARGET,HISTORY_TARGET,7.111,0.0,126098.87,2026-14
SNDK,2026-04-01,2026-04-02,Wednesday,LONG,STOCK,MOMENTUM_CONTINUATION,UP,77,74.68,3.053,24800.49,2.595,643.57,HISTORY_TARGET,HISTORY_TARGET,8.435,-1.731,126742.44,2026-14
DOW,2026-03-31,2026-04-08,Tuesday,LONG,STOCK,MOMENTUM_CONTINUATION,UP,100,74.68,3.053,25372.81,-8.0,-2029.82,STOP_LOSS,STOP_LOSS,1.655,-14.227,124712.62,2026-15
APA,2026-03-31,2026-04-08,Tuesday,LONG,STOCK,MOMENTUM_CONTINUATION,UP,93,74.68,3.053,24812.13,-8.0,-1984.97,STOP_LOSS,STOP_LOSS,1.606,-19.39,122727.65,2026-15
SNDK,2026-04-06,2026-04-08,Monday,LONG,STOCK,MOMENTUM_CONTINUATION,UP,100,74.68,3.053,25348.49,2.595,657.79,HISTORY_TARGET,HISTORY_TARGET,12.168,-4.534,123385.44,2026-15
CIEN,2026-04-06,2026-04-08,Monday,LONG,STOCK,MOMENTUM_CONTINUATION,UP,100,74.68,3.053,25348.49,2.595,657.79,HISTORY_TARGET,HISTORY_TARGET,9.648,-7.498,124043.23,2026-15
INTC,2026-04-08,2026-04-09,Wednesday,LONG,STOCK,MOMENTUM_CONTINUATION,UP,100,74.68,3.053,24808.65,2.595,643.78,HISTORY_TARGET,HISTORY_TARGET,12.118,0.0,124687.02,2026-15
LITE,2026-04-08,2026-04-09,Wednesday,LONG,STOCK,MOMENTUM_CONTINUATION,UP,100,74.68,3.053,24808.65,2.595,643.78,HISTORY_TARGET,HISTORY_TARGET,9.412,-0.648,125330.8,2026-15
CIEN,2026-04-08,2026-04-09,Wednesday,LONG,STOCK,MOMENTUM_CONTINUATION,UP,100,74.68,3.053,24808.65,2.595,643.78,HISTORY_TARGET,HISTORY_TARGET,7.989,-0.372,125974.59,2026-15
SBAC,2026-04-08,2026-04-09,Wednesday,LONG,STOCK,MOMENTUM_CONTINUATION,UP,100,74.68,3.053,24244.48,2.595,629.14,HISTORY_TARGET,HISTORY_TARGET,7.574,0.0,126603.73,2026-15
NWSA,2026-03-31,2026-04-10,Tuesday,LONG,STOCK,MOMENTUM_CONTINUATION,UP,100,74.68,3.053,25372.81,-2.353,-597.02,FRIDAY_EXIT,FRIDAY_EXIT,1.436,-3.949,126006.71,2026-15
SNDK,2026-04-13,2026-04-14,Monday,LONG,STOCK,MOMENTUM_CONTINUATION,UP,100,74.68,3.053,25201.34,2.595,653.97,HISTORY_TARGET,HISTORY_TARGET,11.292,0.0,126660.68,2026-16
WDC,2026-04-13,2026-04-14,Monday,LONG,STOCK,MOMENTUM_CONTINUATION,UP,100,74.68,3.053,25201.34,2.595,653.97,HISTORY_TARGET,HISTORY_TARGET,7.246,-0.015,127314.66,2026-16
STX,2026-04-13,2026-04-14,Monday,LONG,STOCK,MOMENTUM_CONTINUATION,UP,100,74.68,3.053,25201.34,2.595,653.97,HISTORY_TARGET,HISTORY_TARGET,6.829,0.0,127968.63,2026-16
ANET,2026-04-13,2026-04-14,Monday,LONG,STOCK,MOMENTUM_CONTINUATION,UP,100,74.68,3.053,25201.34,2.595,653.97,HISTORY_TARGET,HISTORY_TARGET,5.916,0.0,128622.61,2026-16
INTC,2026-04-13,2026-04-14,Monday,LONG,STOCK,MOMENTUM_CONTINUATION,UP,100,74.68,3.053,25201.34,2.595,653.97,HISTORY_TARGET,HISTORY_TARGET,4.825,-0.145,129276.58,2026-16
CVNA,2026-04-14,2026-04-15,Tuesday,LONG,STOCK,MOMENTUM_CONTINUATION,UP,100,74.68,3.053,25855.32,2.595,670.95,HISTORY_TARGET,HISTORY_TARGET,5.753,0.0,129947.53,2026-16
INTC,2026-04-14,2026-04-16,Tuesday,LONG,STOCK,MOMENTUM_CONTINUATION,UP,100,74.68,3.053,25855.32,2.595,670.95,HISTORY_TARGET,HISTORY_TARGET,5.295,-3.499,130618.47,2026-16
COHR,2026-04-14,2026-04-16,Tuesday,LONG,STOCK,MOMENTUM_CONTINUATION,UP,100,74.68,3.053,25855.32,2.595,670.95,HISTORY_TARGET,HISTORY_TARGET,4.705,-4.106,131289.42,2026-16
WDC,2026-04-14,2026-04-16,Tuesday,LONG,STOCK,MOMENTUM_CONTINUATION,UP,100,74.68,3.053,25855.32,2.595,670.95,HISTORY_TARGET,HISTORY_TARGET,2.69,-1.99,131960.37,2026-16
GLW,2026-04-14,2026-04-16,Tuesday,LONG,STOCK,MOMENTUM_CONTINUATION,UP,100,74.68,3.053,25855.32,-8.0,-2068.43,STOP_LOSS,STOP_LOSS,0.069,-8.724,129891.94,2026-16
AMD,2026-04-15,2026-04-16,Wednesday,LONG,STOCK,MOMENTUM_CONTINUATION,UP,100,74.68,3.053,25989.51,2.595,674.43,HISTORY_TARGET,HISTORY_TARGET,9.562,0.0,130566.37,2026-16
CVNA,2026-04-20,2026-04-21,Monday,LONG,STOCK,MOMENTUM_CONTINUATION,UP,100,74.68,3.053,26113.27,2.595,677.64,HISTORY_TARGET,HISTORY_TARGET,7.112,0.0,131244.01,2026-17
SMCI,2026-04-20,2026-04-21,Monday,LONG,STOCK,MOMENTUM_CONTINUATION,UP,100,74.68,3.053,26113.27,2.595,677.64,HISTORY_TARGET,HISTORY_TARGET,6.662,0.0,131921.65,2026-17
XYZ,2026-04-20,2026-04-21,Monday,LONG,STOCK,MOMENTUM_CONTINUATION,UP,100,74.68,3.053,26113.27,2.595,677.64,HISTORY_TARGET,HISTORY_TARGET,5.898,0.0,132599.29,2026-17
ON,2026-04-20,2026-04-21,Monday,LONG,STOCK,MOMENTUM_CONTINUATION,UP,100,74.68,3.053,26113.27,2.595,677.64,HISTORY_TARGET,HISTORY_TARGET,5.855,0.0,133276.93,2026-17
EXPE,2026-04-20,2026-04-21,Monday,LONG,STOCK,MOMENTUM_CONTINUATION,UP,100,74.68,3.053,26113.27,2.595,677.64,HISTORY_TARGET,HISTORY_TARGET,5.574,0.0,133954.57,2026-17
STLD,2026-04-21,2026-04-22,Tuesday,LONG,STOCK,MOMENTUM_CONTINUATION,UP,100,74.68,3.053,26790.91,2.595,695.22,HISTORY_TARGET,HISTORY_TARGET,7.642,0.0,134649.79,2026-17
DELL,2026-04-21,2026-04-22,Tuesday,LONG,STOCK,MOMENTUM_CONTINUATION,UP,100,74.68,3.053,26790.91,2.595,695.22,HISTORY_TARGET,HISTORY_TARGET,5.606,0.0,135345.01,2026-17
ON,2026-04-21,2026-04-22,Tuesday,LONG,STOCK,MOMENTUM_CONTINUATION,UP,100,74.68,3.053,26790.91,2.595,695.22,HISTORY_TARGET,HISTORY_TARGET,4.631,0.0,136040.24,2026-17
HPE,2026-04-21,2026-04-22,Tuesday,LONG,STOCK,MOMENTUM_CONTINUATION,UP,100,74.68,3.053,26790.91,2.595,695.22,HISTORY_TARGET,HISTORY_TARGET,4.004,0.0,136735.46,2026-17
AMD,2026-04-22,2026-04-23,Wednesday,LONG,STOCK,MOMENTUM_CONTINUATION,UP,100,74.68,3.053,27347.09,2.595,709.66,HISTORY_TARGET,HISTORY_TARGET,6.524,0.0,137445.12,2026-17
MPWR,2026-04-22,2026-04-23,Wednesday,LONG,STOCK,MOMENTUM_CONTINUATION,UP,100,74.68,3.053,27347.09,2.595,709.66,HISTORY_TARGET,HISTORY_TARGET,3.411,-0.781,138154.78,2026-17
INTC,2026-04-21,2026-04-24,Tuesday,LONG,STOCK,MOMENTUM_CONTINUATION,UP,100,74.68,3.053,26790.91,2.595,695.22,HISTORY_TARGET,HISTORY_TARGET,26.929,-3.217,138850.0,2026-17
ANET,2026-04-22,2026-04-24,Wednesday,LONG,STOCK,MOMENTUM_CONTINUATION,UP,100,74.68,3.053,27347.09,2.595,709.66,HISTORY_TARGET,HISTORY_TARGET,3.096,-2.878,139559.66,2026-17
ON,2026-04-22,2026-04-27,Wednesday,LONG,STOCK,MOMENTUM_CONTINUATION,UP,100,74.68,3.053,27347.09,2.595,709.66,HISTORY_TARGET,HISTORY_TARGET,12.286,0.0,140269.31,2026-18
CNC,2026-04-27,2026-04-28,Monday,LONG,STOCK,MOMENTUM_CONTINUATION,UP,100,74.68,3.053,28053.86,2.595,728.0,HISTORY_TARGET,HISTORY_TARGET,19.651,0.0,140997.31,2026-18
STX,2026-04-27,2026-04-29,Monday,LONG,STOCK,MOMENTUM_CONTINUATION,UP,100,74.68,3.053,28053.86,2.595,728.0,HISTORY_TARGET,HISTORY_TARGET,16.3,-7.694,141725.31,2026-18
INTC,2026-04-27,2026-04-29,Monday,LONG,STOCK,MOMENTUM_CONTINUATION,UP,100,74.68,3.053,28053.86,2.595,728.0,HISTORY_TARGET,HISTORY_TARGET,13.482,-3.43,142453.31,2026-18
CNC,2026-04-28,2026-04-29,Tuesday,LONG,STOCK,MOMENTUM_CONTINUATION,UP,100,74.68,3.053,28199.46,2.595,731.78,HISTORY_TARGET,HISTORY_TARGET,21.92,0.0,143185.08,2026-18
QCOM,2026-04-27,2026-04-30,Monday,LONG,STOCK,MOMENTUM_CONTINUATION,UP,100,74.68,3.053,28053.86,2.595,728.0,HISTORY_TARGET,HISTORY_TARGET,19.564,-7.875,143913.08,2026-18
MCHP,2026-04-27,2026-04-30,Monday,LONG,STOCK,MOMENTUM_CONTINUATION,UP,100,74.68,3.053,28053.86,2.595,728.0,HISTORY_TARGET,HISTORY_TARGET,4.575,-5.632,144641.08,2026-18
INTC,2026-04-29,2026-04-30,Wednesday,LONG,STOCK,MOMENTUM_CONTINUATION,UP,100,74.68,3.053,28637.02,2.595,743.13,HISTORY_TARGET,HISTORY_TARGET,11.087,0.0,145384.21,2026-18
AMD,2026-04-29,2026-04-30,Wednesday,LONG,STOCK,MOMENTUM_CONTINUATION,UP,100,74.68,3.053,28637.02,2.595,743.13,HISTORY_TARGET,HISTORY_TARGET,8.69,0.0,146127.34,2026-18
STX,2026-04-29,2026-05-01,Wednesday,LONG,STOCK,MOMENTUM_CONTINUATION,UP,100,74.68,3.053,28637.02,2.595,743.13,HISTORY_TARGET,HISTORY_TARGET,8.985,-4.331,146870.47,2026-18
MU,2026-05-04,2026-05-05,Monday,LONG,STOCK,MOMENTUM_CONTINUATION,UP,100,74.68,3.053,29374.09,2.595,762.26,HISTORY_TARGET,HISTORY_TARGET,16.258,0.0,147632.73,2026-19
SNDK,2026-05-04,2026-05-05,Monday,LONG,STOCK,MOMENTUM_CONTINUATION,UP,100,74.68,3.053,29374.09,2.595,762.26,HISTORY_TARGET,HISTORY_TARGET,16.094,0.0,148394.99,2026-19
WDC,2026-05-04,2026-05-05,Monday,LONG,STOCK,MOMENTUM_CONTINUATION,UP,100,74.68,3.053,29374.09,2.595,762.26,HISTORY_TARGET,HISTORY_TARGET,11.464,0.0,149157.24,2026-19
INTC,2026-05-04,2026-05-05,Monday,LONG,STOCK,MOMENTUM_CONTINUATION,UP,100,74.68,3.053,29374.09,2.595,762.26,HISTORY_TARGET,HISTORY_TARGET,11.393,0.0,149919.5,2026-19
AMD,2026-05-04,2026-05-06,Monday,LONG,STOCK,MOMENTUM_CONTINUATION,UP,100,74.68,3.053,29374.09,2.595,762.26,HISTORY_TARGET,HISTORY_TARGET,19.508,-4.282,150681.76,2026-19
QCOM,2026-05-05,2026-05-06,Tuesday,LONG,STOCK,MOMENTUM_CONTINUATION,UP,100,74.68,3.053,29983.9,2.595,778.08,HISTORY_TARGET,HISTORY_TARGET,17.805,0.0,151459.84,2026-19
INTC,2026-05-05,2026-05-06,Tuesday,LONG,STOCK,MOMENTUM_CONTINUATION,UP,100,74.68,3.053,29983.9,2.595,778.08,HISTORY_TARGET,HISTORY_TARGET,12.924,0.0,152237.92,2026-19
SNDK,2026-05-05,2026-05-06,Tuesday,LONG,STOCK,MOMENTUM_CONTINUATION,UP,100,74.68,3.053,29983.9,2.595,778.08,HISTORY_TARGET,HISTORY_TARGET,11.69,0.0,153016.01,2026-19
MU,2026-05-05,2026-05-06,Tuesday,LONG,STOCK,MOMENTUM_CONTINUATION,UP,100,74.68,3.053,29983.9,2.595,778.08,HISTORY_TARGET,HISTORY_TARGET,9.494,0.0,153794.09,2026-19
DVA,2026-05-06,2026-05-07,Wednesday,LONG,STOCK,MOMENTUM_CONTINUATION,UP,100,74.68,3.053,30758.82,2.595,798.19,HISTORY_TARGET,HISTORY_TARGET,16.422,0.0,154592.28,2026-19
SMCI,2026-05-06,2026-05-07,Wednesday,LONG,STOCK,MOMENTUM_CONTINUATION,UP,100,74.68,3.053,30758.82,2.595,798.19,HISTORY_TARGET,HISTORY_TARGET,13.168,0.0,155390.47,2026-19
MU,2026-05-06,2026-05-07,Wednesday,LONG,STOCK,MOMENTUM_CONTINUATION,UP,100,74.68,3.053,30758.82,2.595,798.19,HISTORY_TARGET,HISTORY_TARGET,3.441,-3.778,156188.66,2026-19
INTC,2026-05-06,2026-05-07,Wednesday,LONG,STOCK,MOMENTUM_CONTINUATION,UP,100,74.68,3.053,30758.82,2.595,798.19,HISTORY_TARGET,HISTORY_TARGET,3.181,-1.649,156986.85,2026-19
STX,2026-05-06,2026-05-08,Wednesday,LONG,STOCK,MOMENTUM_CONTINUATION,UP,100,74.68,3.053,30758.82,2.595,798.19,HISTORY_TARGET,HISTORY_TARGET,4.335,-3.485,157785.04,2026-19
HUM,2026-05-11,2026-05-12,Monday,LONG,STOCK,MOMENTUM_CONTINUATION,UP,100,74.68,3.053,31557.01,2.595,818.9,HISTORY_TARGET,HISTORY_TARGET,9.328,-0.044,158603.95,2026-20
GLW,2026-05-11,2026-05-12,Monday,LONG,STOCK,MOMENTUM_CONTINUATION,UP,100,74.68,3.053,31557.01,2.595,818.9,HISTORY_TARGET,HISTORY_TARGET,5.835,-2.943,159422.85,2026-20
STX,2026-05-11,2026-05-12,Monday,LONG,STOCK,MOMENTUM_CONTINUATION,UP,100,74.68,3.053,31557.01,2.595,818.9,HISTORY_TARGET,HISTORY_TARGET,5.019,-3.313,160241.76,2026-20
WDC,2026-05-11,2026-05-12,Monday,LONG,STOCK,MOMENTUM_CONTINUATION,UP,100,74.68,3.053,31557.01,2.595,818.9,HISTORY_TARGET,HISTORY_TARGET,4.002,-4.546,161060.66,2026-20
FTNT,2026-05-11,2026-05-12,Monday,LONG,STOCK,MOMENTUM_CONTINUATION,UP,100,74.68,3.053,31557.01,2.595,818.9,HISTORY_TARGET,HISTORY_TARGET,3.889,0.0,161879.57,2026-20
HUM,2026-05-12,2026-05-13,Tuesday,LONG,STOCK,MOMENTUM_CONTINUATION,UP,100,74.68,3.053,32375.91,2.595,840.15,HISTORY_TARGET,HISTORY_TARGET,12.669,0.0,162719.72,2026-20
AKAM,2026-05-12,2026-05-13,Tuesday,LONG,STOCK,MOMENTUM_CONTINUATION,UP,100,74.68,3.053,32375.91,2.595,840.15,HISTORY_TARGET,HISTORY_TARGET,8.527,-0.38,163559.88,2026-20
MU,2026-05-12,2026-05-13,Tuesday,LONG,STOCK,MOMENTUM_CONTINUATION,UP,100,74.68,3.053,32375.91,2.595,840.15,HISTORY_TARGET,HISTORY_TARGET,5.196,0.0,164400.03,2026-20
FTNT,2026-05-12,2026-05-14,Tuesday,LONG,STOCK,MOMENTUM_CONTINUATION,UP,100,74.68,3.053,32375.91,2.595,840.15,HISTORY_TARGET,HISTORY_TARGET,5.886,-2.153,165240.19,2026-20
PANW,2026-05-13,2026-05-14,Wednesday,LONG,STOCK,MOMENTUM_CONTINUATION,UP,100,74.68,3.053,32880.01,2.595,853.24,HISTORY_TARGET,HISTORY_TARGET,12.256,0.0,166093.42,2026-20
ON,2026-05-13,2026-05-14,Wednesday,LONG,STOCK,MOMENTUM_CONTINUATION,UP,100,74.68,3.053,32880.01,2.595,853.24,HISTORY_TARGET,HISTORY_TARGET,9.366,0.0,166946.66,2026-20
CRWD,2026-05-13,2026-05-14,Wednesday,LONG,STOCK,MOMENTUM_CONTINUATION,UP,100,74.68,3.053,32880.01,2.595,853.24,HISTORY_TARGET,HISTORY_TARGET,7.94,0.0,167799.9,2026-20
DDOG,2026-05-12,2026-05-15,Tuesday,LONG,STOCK,MOMENTUM_CONTINUATION,UP,100,74.68,3.053,32375.91,2.595,840.15,HISTORY_TARGET,HISTORY_TARGET,5.272,-2.646,168640.05,2026-20
CRWD,2026-05-18,2026-05-19,Monday,LONG,STOCK,MOMENTUM_CONTINUATION,UP,100,74.68,3.053,33728.01,2.595,875.24,HISTORY_TARGET,HISTORY_TARGET,7.59,0.0,169515.29,2026-21
FTNT,2026-05-18,2026-05-19,Monday,LONG,STOCK,MOMENTUM_CONTINUATION,UP,100,74.68,3.053,33728.01,2.595,875.24,HISTORY_TARGET,HISTORY_TARGET,5.35,0.0,170390.53,2026-21
DDOG,2026-05-18,2026-05-19,Monday,LONG,STOCK,MOMENTUM_CONTINUATION,UP,100,74.68,3.053,33728.01,2.595,875.24,HISTORY_TARGET,HISTORY_TARGET,5.138,0.0,171265.78,2026-21
HUM,2026-05-18,2026-05-19,Monday,LONG,STOCK,MOMENTUM_CONTINUATION,UP,100,74.68,3.053,33728.01,2.595,875.24,HISTORY_TARGET,HISTORY_TARGET,4.209,0.0,172141.02,2026-21
CNC,2026-05-18,2026-05-20,Monday,LONG,STOCK,MOMENTUM_CONTINUATION,UP,100,74.68,3.053,33728.01,2.595,875.24,HISTORY_TARGET,HISTORY_TARGET,4.56,-1.17,173016.26,2026-21
CRWD,2026-05-19,2026-05-20,Tuesday,LONG,STOCK,MOMENTUM_CONTINUATION,UP,100,74.68,3.053,34428.2,2.595,893.41,HISTORY_TARGET,HISTORY_TARGET,5.003,-0.954,173909.67,2026-21
DDOG,2026-05-19,2026-05-20,Tuesday,LONG,STOCK,MOMENTUM_CONTINUATION,UP,100,74.68,3.053,34428.2,2.595,893.41,HISTORY_TARGET,HISTORY_TARGET,4.804,0.0,174803.08,2026-21
DXCM,2026-05-20,2026-05-21,Wednesday,LONG,STOCK,MOMENTUM_CONTINUATION,UP,100,74.68,3.053,34960.62,2.595,907.23,HISTORY_TARGET,HISTORY_TARGET,8.335,0.0,175710.31,2026-21
FICO,2026-05-20,2026-05-21,Wednesday,LONG,STOCK,MOMENTUM_CONTINUATION,UP,100,74.68,3.053,34960.62,2.595,907.23,HISTORY_TARGET,HISTORY_TARGET,7.49,0.0,176617.54,2026-21
CRWD,2026-05-20,2026-05-21,Wednesday,LONG,STOCK,MOMENTUM_CONTINUATION,UP,100,74.68,3.053,34960.62,2.595,907.23,HISTORY_TARGET,HISTORY_TARGET,7.366,0.0,177524.77,2026-21
PANW,2026-05-19,2026-05-22,Tuesday,LONG,STOCK,MOMENTUM_CONTINUATION,UP,100,74.68,3.053,34428.2,2.595,893.41,HISTORY_TARGET,HISTORY_TARGET,5.851,-4.738,178418.18,2026-21
FTNT,2026-05-19,2026-05-22,Tuesday,LONG,STOCK,MOMENTUM_CONTINUATION,UP,100,74.68,3.053,34428.2,2.595,893.41,HISTORY_TARGET,HISTORY_TARGET,4.992,-1.94,179311.59,2026-21
MU,2026-05-26,2026-05-27,Tuesday,LONG,STOCK,MOMENTUM_CONTINUATION,UP,100,74.68,3.053,35862.32,2.595,930.63,HISTORY_TARGET,HISTORY_TARGET,16.534,0.0,180242.22,2026-22
SNDK,2026-05-26,2026-05-27,Tuesday,LONG,STOCK,MOMENTUM_CONTINUATION,UP,100,74.68,3.053,35862.32,2.595,930.63,HISTORY_TARGET,HISTORY_TARGET,8.048,-0.451,181172.85,2026-22
SMCI,2026-05-26,2026-05-27,Tuesday,LONG,STOCK,MOMENTUM_CONTINUATION,UP,100,74.68,3.053,35862.32,2.595,930.63,HISTORY_TARGET,HISTORY_TARGET,7.833,0.0,182103.47,2026-22
AMD,2026-05-26,2026-05-27,Tuesday,LONG,STOCK,MOMENTUM_CONTINUATION,UP,100,74.68,3.053,35862.32,2.595,930.63,HISTORY_TARGET,HISTORY_TARGET,5.254,0.0,183034.1,2026-22
DDOG,2026-05-26,2026-05-28,Tuesday,LONG,STOCK,MOMENTUM_CONTINUATION,UP,100,74.68,3.053,35862.32,2.595,930.63,HISTORY_TARGET,HISTORY_TARGET,5.62,-1.351,183964.73,2026-22
FSLR,2026-05-27,2026-05-28,Wednesday,LONG,STOCK,MOMENTUM_CONTINUATION,UP,100,74.68,3.053,36606.82,2.595,949.95,HISTORY_TARGET,HISTORY_TARGET,14.97,0.0,184914.67,2026-22
SMCI,2026-05-27,2026-05-28,Wednesday,LONG,STOCK,MOMENTUM_CONTINUATION,UP,100,74.68,3.053,36606.82,2.595,949.95,HISTORY_TARGET,HISTORY_TARGET,13.711,-1.776,185864.62,2026-22
DELL,2026-05-27,2026-05-28,Wednesday,LONG,STOCK,MOMENTUM_CONTINUATION,UP,100,74.68,3.053,36606.82,2.595,949.95,HISTORY_TARGET,HISTORY_TARGET,6.586,0.0,186814.57,2026-22
AMD,2026-05-27,2026-05-28,Wednesday,LONG,STOCK,MOMENTUM_CONTINUATION,UP,100,74.68,3.053,36606.82,2.595,949.95,HISTORY_TARGET,HISTORY_TARGET,3.78,-2.85,187764.51,2026-22
